<?xml version="1.0" encoding="utf-8"?><?workdir /C:\Users\PBentley\Downloads\dita4publishers-0.9.18\documentation\temp\pdf\documentation\d4p-users-guide\backmatter?><?workdir-uri file:/C:/Users/PBentley/Downloads/dita4publishers-0.9.18/documentation/temp/pdf/documentation/d4p-users-guide/backmatter/?><?path2project ..\..\?><?path2project-uri ../../?><topic xmlns:ditaarch="http://dita.oasis-open.org/architecture/2005/" id="topic-id" ditaarch:DITAArchVersion="1.2" domains="(topic hi-d)       (topic indexing-d)      (topic d4p_formatting-d)      (topic d4p_ruby-d)      a(props d4p_renditionTarget)      (topic d4p_classification-d)      (topic d4p_math-d)      (topic d4p_simplebib-d)      (topic d4p_variables-d)      (topic d4p_verse-d)      (topic xml-d)      (topic abbrev-d)     " class="- topic/topic " xtrf="C:\Users\PBentley\Downloads\dita4publishers-0.9.18\documentation\d4p-users-guide\backmatter\colophon.xml" xtrc="topic:1;4:17">
  <title class="- topic/title " xtrf="C:\Users\PBentley\Downloads\dita4publishers-0.9.18\documentation\d4p-users-guide\backmatter\colophon.xml" xtrc="title:1;5:10">Colophon</title>
  <prolog class="- topic/prolog "><author class="- topic/author " xtrc="author:1;5:21" xtrf="C:\Users\PBentley\Downloads\dita4publishers-0.9.18\documentation\d4p-users-guide.ditamap">W. Eliot Kimber</author><metadata class="- topic/metadata "><prodinfo class="- topic/prodinfo " xtrc="prodinfo:1;7:27" xtrf="C:\Users\PBentley\Downloads\dita4publishers-0.9.18\documentation\d4p-users-guide.ditamap">
    <prodname class="- topic/prodname " xtrc="prodname:1;8:15" xtrf="C:\Users\PBentley\Downloads\dita4publishers-0.9.18\documentation\d4p-users-guide.ditamap">DITA For Publishers</prodname>
    <vrmlist class="- topic/vrmlist " xtrc="vrmlist:1;9:14" xtrf="C:\Users\PBentley\Downloads\dita4publishers-0.9.18\documentation\d4p-users-guide.ditamap">
      <vrm class="- topic/vrm " version="0.9.16" xtrc="vrm:1;11:27" xtrf="C:\Users\PBentley\Downloads\dita4publishers-0.9.18\documentation\d4p-users-guide.ditamap"/>
    </vrmlist>
    </prodinfo></metadata></prolog><body class="- topic/body " xtrf="C:\Users\PBentley\Downloads\dita4publishers-0.9.18\documentation\d4p-users-guide\backmatter\colophon.xml" xtrc="body:1;6:9">
    <p class="- topic/p " xtrf="C:\Users\PBentley\Downloads\dita4publishers-0.9.18\documentation\d4p-users-guide\backmatter\colophon.xml" xtrc="p:1;7:8">This document uses the map, topic, and domain specializations of the DITA For Publishers project, <xref href="http://dita4publishers.sourceforge.net" scope="external" format="html" class="- topic/xref " xtrf="C:\Users\PBentley\Downloads\dita4publishers-0.9.18\documentation\d4p-users-guide\backmatter\colophon.xml" xtrc="xref:1;10:21"><?ditaot usertext?>dita4publishers.sourceforge.net</xref>. The various renderings are generated using the DITA Open Toolkit with extentions and customizations provided as part of the DITA For Publishers materials.</p>
  </body>
</topic>