<?xml version="1.0" encoding="utf-8"?><?workdir /C:\Users\PBentley\Downloads\dita4publishers-0.9.18\documentation\temp\pdf\documentation\d4p-users-guide\dita2indesign?><?workdir-uri file:/C:/Users/PBentley/Downloads/dita4publishers-0.9.18/documentation/temp/pdf/documentation/d4p-users-guide/dita2indesign/?><?path2project ..\..\?><?path2project-uri ../../?><concept xmlns:ditaarch="http://dita.oasis-open.org/architecture/2005/" id="conceptId" ditaarch:DITAArchVersion="1.2" domains="(topic hi-d)       (topic indexing-d)      (topic d4p_formatting-d)      (topic d4p_ruby-d)      a(props d4p_renditionTarget)      (topic d4p_classification-d)      (topic d4p_math-d)      (topic d4p_simplebib-d)      (topic d4p_variables-d)      (topic d4p_verse-d)      (topic xml-d)      (topic abbrev-d)     " class="- topic/topic concept/concept " xtrf="C:\Users\PBentley\Downloads\dita4publishers-0.9.18\documentation\d4p-users-guide\dita2indesign\dita-to-indesign-plugin-usage.xml" xtrc="concept:1;3:25">
 <title class="- topic/title " xtrf="C:\Users\PBentley\Downloads\dita4publishers-0.9.18\documentation\d4p-users-guide\dita2indesign\dita-to-indesign-plugin-usage.xml" xtrc="title:1;4:9">Generating InDesign from DITA Using the Toolkit Plugin</title>
 <shortdesc class="- topic/shortdesc " xtrc="shortdesc:1;5:13" xtrf="C:\Users\PBentley\Downloads\dita4publishers-0.9.18\documentation\d4p-users-guide\dita2indesign\dita-to-indesign-plugin-usage.xml">How to use the DITA-to-InDesign Toolkit Plugin to generate inDesign and InCopy documents from DITA content.</shortdesc>
  <prolog class="- topic/prolog " xtrc="prolog:1;6:11" xtrf="C:\Users\PBentley\Downloads\dita4publishers-0.9.18\documentation\d4p-users-guide\dita2indesign\dita-to-indesign-plugin-usage.xml">
    <author class="- topic/author " xtrc="author:1;5:21" xtrf="C:\Users\PBentley\Downloads\dita4publishers-0.9.18\documentation\d4p-users-guide.ditamap">W. Eliot Kimber</author><metadata class="- topic/metadata " xtrc="metadata:1;7:15" xtrf="C:\Users\PBentley\Downloads\dita4publishers-0.9.18\documentation\d4p-users-guide\dita2indesign\dita-to-indesign-plugin-usage.xml">
      <keywords class="- topic/keywords " xtrc="keywords:1;8:17" xtrf="C:\Users\PBentley\Downloads\dita4publishers-0.9.18\documentation\d4p-users-guide\dita2indesign\dita-to-indesign-plugin-usage.xml">
        <indexterm class="- topic/indexterm " xtrc="indexterm:1;9:20" xtrf="C:\Users\PBentley\Downloads\dita4publishers-0.9.18\documentation\d4p-users-guide\dita2indesign\dita-to-indesign-plugin-usage.xml">DITA-to-InDesign</indexterm>
      </keywords>
    <prodinfo class="- topic/prodinfo " xtrc="prodinfo:1;7:27" xtrf="C:\Users\PBentley\Downloads\dita4publishers-0.9.18\documentation\d4p-users-guide.ditamap">
    <prodname class="- topic/prodname " xtrc="prodname:1;8:15" xtrf="C:\Users\PBentley\Downloads\dita4publishers-0.9.18\documentation\d4p-users-guide.ditamap">DITA For Publishers</prodname>
    <vrmlist class="- topic/vrmlist " xtrc="vrmlist:1;9:14" xtrf="C:\Users\PBentley\Downloads\dita4publishers-0.9.18\documentation\d4p-users-guide.ditamap">
      <vrm class="- topic/vrm " version="0.9.16" xtrc="vrm:1;11:27" xtrf="C:\Users\PBentley\Downloads\dita4publishers-0.9.18\documentation\d4p-users-guide.ditamap"/>
    </vrmlist>
    </prodinfo></metadata>
  </prolog>
 <conbody class="- topic/body  concept/conbody " xtrf="C:\Users\PBentley\Downloads\dita4publishers-0.9.18\documentation\d4p-users-guide\dita2indesign\dita-to-indesign-plugin-usage.xml" xtrc="conbody:1;13:11">
    <p class="- topic/p " xtrf="C:\Users\PBentley\Downloads\dita4publishers-0.9.18\documentation\d4p-users-guide\dita2indesign\dita-to-indesign-plugin-usage.xml" xtrc="p:1;14:8">To use the DITA-to-InDesign transform as a Toolkit plugin simply deploy the DITA for Publishers Toolkit plugins to your Open Toolkit directory. The DITA-to-InDesign transformation type is "indesign".</p>
    <section class="- topic/section " xtrf="C:\Users\PBentley\Downloads\dita4publishers-0.9.18\documentation\d4p-users-guide\dita2indesign\dita-to-indesign-plugin-usage.xml" xtrc="section:1;15:14">
      <title class="- topic/title " xtrf="C:\Users\PBentley\Downloads\dita4publishers-0.9.18\documentation\d4p-users-guide\dita2indesign\dita-to-indesign-plugin-usage.xml" xtrc="title:2;16:14">Required Parameters</title>
      <p class="- topic/p " xtrf="C:\Users\PBentley\Downloads\dita4publishers-0.9.18\documentation\d4p-users-guide\dita2indesign\dita-to-indesign-plugin-usage.xml" xtrc="p:2;17:10">None.</p>
    </section>
    <section class="- topic/section " xtrf="C:\Users\PBentley\Downloads\dita4publishers-0.9.18\documentation\d4p-users-guide\dita2indesign\dita-to-indesign-plugin-usage.xml" xtrc="section:2;19:14">
      <title class="- topic/title " xtrf="C:\Users\PBentley\Downloads\dita4publishers-0.9.18\documentation\d4p-users-guide\dita2indesign\dita-to-indesign-plugin-usage.xml" xtrc="title:3;20:14">Optional Parameters</title>
      <parml class="+ topic/dl pr-d/parml " xtrf="C:\Users\PBentley\Downloads\dita4publishers-0.9.18\documentation\d4p-users-guide\dita2indesign\dita-to-indesign-plugin-usage.xml" xtrc="parml:1;21:14">
        <plentry class="+ topic/dlentry pr-d/plentry " xtrf="C:\Users\PBentley\Downloads\dita4publishers-0.9.18\documentation\d4p-users-guide\dita2indesign\dita-to-indesign-plugin-usage.xml" xtrc="plentry:1;22:18">
          <pt class="+ topic/dt pr-d/pt " xtrf="C:\Users\PBentley\Downloads\dita4publishers-0.9.18\documentation\d4p-users-guide\dita2indesign\dita-to-indesign-plugin-usage.xml" xtrc="pt:1;23:15"><parmname class="+ topic/keyword pr-d/parmname " xtrf="C:\Users\PBentley\Downloads\dita4publishers-0.9.18\documentation\d4p-users-guide\dita2indesign\dita-to-indesign-plugin-usage.xml" xtrc="parmname:1;23:25">output.dir</parmname></pt>
          <pd class="+ topic/dd pr-d/pd " xtrf="C:\Users\PBentley\Downloads\dita4publishers-0.9.18\documentation\d4p-users-guide\dita2indesign\dita-to-indesign-plugin-usage.xml" xtrc="pd:1;24:15">Specifies the absolute path of the directory to contain the generated output.</pd>
        </plentry>
        <plentry class="+ topic/dlentry pr-d/plentry " xtrf="C:\Users\PBentley\Downloads\dita4publishers-0.9.18\documentation\d4p-users-guide\dita2indesign\dita-to-indesign-plugin-usage.xml" xtrc="plentry:2;26:18">
          <pt class="+ topic/dt pr-d/pt " xtrf="C:\Users\PBentley\Downloads\dita4publishers-0.9.18\documentation\d4p-users-guide\dita2indesign\dita-to-indesign-plugin-usage.xml" xtrc="pt:2;27:15"><parmname class="+ topic/keyword pr-d/parmname " xtrf="C:\Users\PBentley\Downloads\dita4publishers-0.9.18\documentation\d4p-users-guide\dita2indesign\dita-to-indesign-plugin-usage.xml" xtrc="parmname:2;27:25">title.only.topic.class.spec</parmname></pt>
          <pd class="+ topic/dd pr-d/pd " xtrf="C:\Users\PBentley\Downloads\dita4publishers-0.9.18\documentation\d4p-users-guide\dita2indesign\dita-to-indesign-plugin-usage.xml" xtrc="pd:2;28:15">Specifies the <xmlatt class="+ topic/keyword xml-d/xmlatt " xtrf="C:\Users\PBentley\Downloads\dita4publishers-0.9.18\documentation\d4p-users-guide\dita2indesign\dita-to-indesign-plugin-usage.xml" xtrc="xmlatt:1;28:37">class</xmlatt> value to use for topics generated from topic heads.</pd>
        </plentry>
        <plentry class="+ topic/dlentry pr-d/plentry " xtrf="C:\Users\PBentley\Downloads\dita4publishers-0.9.18\documentation\d4p-users-guide\dita2indesign\dita-to-indesign-plugin-usage.xml" xtrc="plentry:3;30:18">
          <pt class="+ topic/dt pr-d/pt " xtrf="C:\Users\PBentley\Downloads\dita4publishers-0.9.18\documentation\d4p-users-guide\dita2indesign\dita-to-indesign-plugin-usage.xml" xtrc="pt:3;31:15"><parmname class="+ topic/keyword pr-d/parmname " xtrf="C:\Users\PBentley\Downloads\dita4publishers-0.9.18\documentation\d4p-users-guide\dita2indesign\dita-to-indesign-plugin-usage.xml" xtrc="parmname:3;31:25">title.only.topic.title.class.spec</parmname></pt>
          <pd class="+ topic/dd pr-d/pd " xtrf="C:\Users\PBentley\Downloads\dita4publishers-0.9.18\documentation\d4p-users-guide\dita2indesign\dita-to-indesign-plugin-usage.xml" xtrc="pd:3;32:15">Specifies the <xmlatt class="+ topic/keyword xml-d/xmlatt " xtrf="C:\Users\PBentley\Downloads\dita4publishers-0.9.18\documentation\d4p-users-guide\dita2indesign\dita-to-indesign-plugin-usage.xml" xtrc="xmlatt:2;32:37">class</xmlatt> value to use for the titles of topics generated from topic heads.</pd>
        </plentry>
      </parml>
    </section>
 </conbody>
</concept>