<?xml version="1.0" encoding="utf-8"?><?workdir /C:\Users\PBentley\Downloads\dita4publishers-0.9.18\documentation\temp\pdf\documentation\d4p-users-guide\dita2indesign?><?workdir-uri file:/C:/Users/PBentley/Downloads/dita4publishers-0.9.18/documentation/temp/pdf/documentation/d4p-users-guide/dita2indesign/?><?path2project ..\..\?><?path2project-uri ../../?><concept xmlns:ditaarch="http://dita.oasis-open.org/architecture/2005/" id="conceptId" ditaarch:DITAArchVersion="1.2" domains="(topic hi-d)       (topic indexing-d)      (topic d4p_formatting-d)      (topic d4p_ruby-d)      a(props d4p_renditionTarget)      (topic d4p_classification-d)      (topic d4p_math-d)      (topic d4p_simplebib-d)      (topic d4p_variables-d)      (topic d4p_verse-d)      (topic xml-d)      (topic abbrev-d)     " class="- topic/topic concept/concept " xtrf="C:\Users\PBentley\Downloads\dita4publishers-0.9.18\documentation\d4p-users-guide\dita2indesign\indesign-product-overview.xml" xtrc="concept:1;3:25">
 <title class="- topic/title " xtrf="C:\Users\PBentley\Downloads\dita4publishers-0.9.18\documentation\d4p-users-guide\dita2indesign\indesign-product-overview.xml" xtrc="title:1;4:9">Overview of the InDesign and InCopy Products</title>
 <shortdesc class="- topic/shortdesc " xtrc="shortdesc:1;5:13" xtrf="C:\Users\PBentley\Downloads\dita4publishers-0.9.18\documentation\d4p-users-guide\dita2indesign\indesign-product-overview.xml">Adobe InDesign and InCopy are companion products, part of Adobe's Creative Suite set of products. InDesign is a desktop publishing tool widely used in Publishing and where typographic quality and layout sophistication are paramount.</shortdesc>
  <prolog class="- topic/prolog " xtrc="prolog:1;6:11" xtrf="C:\Users\PBentley\Downloads\dita4publishers-0.9.18\documentation\d4p-users-guide\dita2indesign\indesign-product-overview.xml">
    <author class="- topic/author " xtrc="author:1;5:21" xtrf="C:\Users\PBentley\Downloads\dita4publishers-0.9.18\documentation\d4p-users-guide.ditamap">W. Eliot Kimber</author><metadata class="- topic/metadata " xtrc="metadata:1;7:15" xtrf="C:\Users\PBentley\Downloads\dita4publishers-0.9.18\documentation\d4p-users-guide\dita2indesign\indesign-product-overview.xml">
      <keywords class="- topic/keywords " xtrc="keywords:1;8:17" xtrf="C:\Users\PBentley\Downloads\dita4publishers-0.9.18\documentation\d4p-users-guide\dita2indesign\indesign-product-overview.xml">
        <indexterm class="- topic/indexterm " xtrc="indexterm:1;9:20" xtrf="C:\Users\PBentley\Downloads\dita4publishers-0.9.18\documentation\d4p-users-guide\dita2indesign\indesign-product-overview.xml">InDesign</indexterm>
        <indexterm class="- topic/indexterm " xtrc="indexterm:2;10:20" xtrf="C:\Users\PBentley\Downloads\dita4publishers-0.9.18\documentation\d4p-users-guide\dita2indesign\indesign-product-overview.xml">InCopy</indexterm>
      </keywords>
    <prodinfo class="- topic/prodinfo " xtrc="prodinfo:1;7:27" xtrf="C:\Users\PBentley\Downloads\dita4publishers-0.9.18\documentation\d4p-users-guide.ditamap">
    <prodname class="- topic/prodname " xtrc="prodname:1;8:15" xtrf="C:\Users\PBentley\Downloads\dita4publishers-0.9.18\documentation\d4p-users-guide.ditamap">DITA For Publishers</prodname>
    <vrmlist class="- topic/vrmlist " xtrc="vrmlist:1;9:14" xtrf="C:\Users\PBentley\Downloads\dita4publishers-0.9.18\documentation\d4p-users-guide.ditamap">
      <vrm class="- topic/vrm " version="0.9.16" xtrc="vrm:1;11:27" xtrf="C:\Users\PBentley\Downloads\dita4publishers-0.9.18\documentation\d4p-users-guide.ditamap"/>
    </vrmlist>
    </prodinfo></metadata>
  </prolog>
 <conbody class="- topic/body  concept/conbody " xtrf="C:\Users\PBentley\Downloads\dita4publishers-0.9.18\documentation\d4p-users-guide\dita2indesign\indesign-product-overview.xml" xtrc="conbody:1;14:11">
   <p class="- topic/p " xtrf="C:\Users\PBentley\Downloads\dita4publishers-0.9.18\documentation\d4p-users-guide\dita2indesign\indesign-product-overview.xml" xtrc="p:1;15:7">Adobe InDesign is a general-purpose desktop publishing system primarily intended for the interactive creation of print publications with high typographic quality and arbitrarily complex page layouts. It is not an automatic composition tool, although it enables a degree of automation through scripting using Adobe ActiveScript (a form JavaScript). InDesign is also available as a server, the separately-licensed InDesign Server product, which enables batch processing of InDesign documents. InDesign documents are stored natively as binary files. They may also be exported and imported in two different XML formats: The InDesign Interchange format (INX) and the InDesign Markup Language (IDML). The DITA-to-InDesign framework works with the INX format exclusively.</p>
    <p class="- topic/p " xtrf="C:\Users\PBentley\Downloads\dita4publishers-0.9.18\documentation\d4p-users-guide\dita2indesign\indesign-product-overview.xml" xtrc="p:2;16:8">Adobe InCopy is a companion product to InDesign intended for editorial authoring. It provides the "story editor" component of InDesign, allowing authors to create content without the ability to modify the visual layout or design of documents. InCopy documents ("articles") are stored natively as XML files (INCX). InCopy articles may be linked into InDesign documents or they may be copied into InDesign documents, as appropriate. InCopy articles that are linked can be updated independently from the InDesign documents that use them, whereby the InDesign document provides the option to use the updated content.</p>
    <p class="- topic/p " xtrf="C:\Users\PBentley\Downloads\dita4publishers-0.9.18\documentation\d4p-users-guide\dita2indesign\indesign-product-overview.xml" xtrc="p:3;17:8">The division between InDesign for design and typography and InCopy for content provides a useful separation of concerns that the DITA-to-InDesign process takes advantage of. It allows Designers to focus on the design aspects of documents: the page layouts, paragraph and character style details, etc., while content authors can focus on the content without fear of disrupting the design. InCopy also provides some simple collaboration features by which multiple authors can work on the same article from a shared storage area such as a network drive.</p>
    <p class="- topic/p " xtrf="C:\Users\PBentley\Downloads\dita4publishers-0.9.18\documentation\d4p-users-guide\dita2indesign\indesign-product-overview.xml" xtrc="p:4;18:8">An InDesign document consists of a sequence of "spreads", where a spread is one or more pages and some number of frames. Frames contain either text or graphics and thereby hold the content of the document. Pages have associated "page masters", which define the static components of the page (headers, footers, etc.) and can also provide template frames for use in individual page instances.</p>
    <p class="- topic/p " xtrf="C:\Users\PBentley\Downloads\dita4publishers-0.9.18\documentation\d4p-users-guide\dita2indesign\indesign-product-overview.xml" xtrc="p:5;19:8">Frames may be "threaded" together to create a sequence of frames through which content will flow automatically when placed into the first frame of the sequence.</p>
    <p class="- topic/p " xtrf="C:\Users\PBentley\Downloads\dita4publishers-0.9.18\documentation\d4p-users-guide\dita2indesign\indesign-product-overview.xml" xtrc="p:6;20:8">Text content is organized into "stories", where a story is a sequence of paragraphs. Stories are "placed" into documents by associating them with text frames. A given text frame can be associated with at most one story.</p>
    <p class="- topic/p " xtrf="C:\Users\PBentley\Downloads\dita4publishers-0.9.18\documentation\d4p-users-guide\dita2indesign\indesign-product-overview.xml" xtrc="p:7;21:8">A story may be stored within the InDesign document or stored externally as an InCopy article and linked into the InDesign document. Linked stories can be updated outside of InDesign and InDesign will detect the new version and give the InDeisgn operator the option of updating InDesign's internal copy of the story.</p>
    <p class="- topic/p " xtrf="C:\Users\PBentley\Downloads\dita4publishers-0.9.18\documentation\d4p-users-guide\dita2indesign\indesign-product-overview.xml" xtrc="p:8;22:8">InDesign documents can also link in graphics, which are placed into graphic frames. InDesign supports a wide variety of graphic formats.</p>
    <p class="- topic/p " xtrf="C:\Users\PBentley\Downloads\dita4publishers-0.9.18\documentation\d4p-users-guide\dita2indesign\indesign-product-overview.xml" xtrc="p:9;23:8">InDesign documents can be rendered to PDF and EPUB among other formats.</p>
 </conbody>
</concept>