<?xml version="1.0" encoding="utf-8"?><?workdir /C:\Users\PBentley\Downloads\dita4publishers-0.9.18\documentation\temp\pdf\documentation\d4p-users-guide\html2-plugin\reference?><?workdir-uri file:/C:/Users/PBentley/Downloads/dita4publishers-0.9.18/documentation/temp/pdf/documentation/d4p-users-guide/html2-plugin/reference/?><?path2project ..\..\..\?><?path2project-uri ../../../?><reference xmlns:ditaarch="http://dita.oasis-open.org/architecture/2005/" id="referenceId" ditaarch:DITAArchVersion="1.2" domains="(topic ui-d) (topic hi-d) (topic pr-d) (topic sw-d)                          (topic ut-d) (topic indexing-d)" class="- topic/topic       reference/reference " xtrf="C:\Users\PBentley\Downloads\dita4publishers-0.9.18\documentation\d4p-users-guide\html2-plugin\reference\ant-parm-fileOrganizationStrategy.xml" xtrc="reference:1;3:29">
  <title class="- topic/title " xtrf="C:\Users\PBentley\Downloads\dita4publishers-0.9.18\documentation\d4p-users-guide\html2-plugin\reference\ant-parm-fileOrganizationStrategy.xml" xtrc="title:1;4:10">html2.file.organization.strategy Ant parameter</title>
  <shortdesc class="- topic/shortdesc " xtrc="shortdesc:1;5:14" xtrf="C:\Users\PBentley\Downloads\dita4publishers-0.9.18\documentation\d4p-users-guide\html2-plugin\reference\ant-parm-fileOrganizationStrategy.xml">Names the output file organization strategy to use for generated files.</shortdesc>
  <prolog class="- topic/prolog " xtrc="prolog:1;6:11" xtrf="C:\Users\PBentley\Downloads\dita4publishers-0.9.18\documentation\d4p-users-guide\html2-plugin\reference\ant-parm-fileOrganizationStrategy.xml">
    <author class="- topic/author " xtrc="author:1;5:21" xtrf="C:\Users\PBentley\Downloads\dita4publishers-0.9.18\documentation\d4p-users-guide.ditamap">W. Eliot Kimber</author><metadata class="- topic/metadata " xtrc="metadata:1;7:15" xtrf="C:\Users\PBentley\Downloads\dita4publishers-0.9.18\documentation\d4p-users-guide\html2-plugin\reference\ant-parm-fileOrganizationStrategy.xml">
      <keywords class="- topic/keywords " xtrc="keywords:1;8:17" xtrf="C:\Users\PBentley\Downloads\dita4publishers-0.9.18\documentation\d4p-users-guide\html2-plugin\reference\ant-parm-fileOrganizationStrategy.xml">
        <indexterm class="- topic/indexterm " xtrc="indexterm:1;9:20" xtrf="C:\Users\PBentley\Downloads\dita4publishers-0.9.18\documentation\d4p-users-guide\html2-plugin\reference\ant-parm-fileOrganizationStrategy.xml">output file organization strategy<indexterm class="- topic/indexterm " xtrc="indexterm:2;9:64" xtrf="C:\Users\PBentley\Downloads\dita4publishers-0.9.18\documentation\d4p-users-guide\html2-plugin\reference\ant-parm-fileOrganizationStrategy.xml">generating</indexterm></indexterm>
        <indexterm class="- topic/indexterm " xtrc="indexterm:3;10:20" xtrf="C:\Users\PBentley\Downloads\dita4publishers-0.9.18\documentation\d4p-users-guide\html2-plugin\reference\ant-parm-fileOrganizationStrategy.xml">html2.file.organization.strategy ant parameter</indexterm>
        <indexterm class="- topic/indexterm " xtrc="indexterm:4;11:20" xtrf="C:\Users\PBentley\Downloads\dita4publishers-0.9.18\documentation\d4p-users-guide\html2-plugin\reference\ant-parm-fileOrganizationStrategy.xml">ant parameters<indexterm class="- topic/indexterm " xtrc="indexterm:5;11:45" xtrf="C:\Users\PBentley\Downloads\dita4publishers-0.9.18\documentation\d4p-users-guide\html2-plugin\reference\ant-parm-fileOrganizationStrategy.xml">html2.file.organization.strategy</indexterm></indexterm>
        <indexterm class="- topic/indexterm " xtrc="indexterm:6;12:20" xtrf="C:\Users\PBentley\Downloads\dita4publishers-0.9.18\documentation\d4p-users-guide\html2-plugin\reference\ant-parm-fileOrganizationStrategy.xml">parameters<indexterm class="- topic/indexterm " xtrc="indexterm:7;12:41" xtrf="C:\Users\PBentley\Downloads\dita4publishers-0.9.18\documentation\d4p-users-guide\html2-plugin\reference\ant-parm-fileOrganizationStrategy.xml">ant<indexterm class="- topic/indexterm " xtrc="indexterm:8;12:55" xtrf="C:\Users\PBentley\Downloads\dita4publishers-0.9.18\documentation\d4p-users-guide\html2-plugin\reference\ant-parm-fileOrganizationStrategy.xml">html2.file.organization.strategy</indexterm></indexterm></indexterm>
      </keywords>
    <prodinfo class="- topic/prodinfo " xtrc="prodinfo:1;7:27" xtrf="C:\Users\PBentley\Downloads\dita4publishers-0.9.18\documentation\d4p-users-guide.ditamap">
    <prodname class="- topic/prodname " xtrc="prodname:1;8:15" xtrf="C:\Users\PBentley\Downloads\dita4publishers-0.9.18\documentation\d4p-users-guide.ditamap">DITA For Publishers</prodname>
    <vrmlist class="- topic/vrmlist " xtrc="vrmlist:1;9:14" xtrf="C:\Users\PBentley\Downloads\dita4publishers-0.9.18\documentation\d4p-users-guide.ditamap">
      <vrm class="- topic/vrm " version="0.9.16" xtrc="vrm:1;11:27" xtrf="C:\Users\PBentley\Downloads\dita4publishers-0.9.18\documentation\d4p-users-guide.ditamap"/>
    </vrmlist>
    </prodinfo></metadata>
  </prolog>
  <refbody class="- topic/body        reference/refbody " xtrf="C:\Users\PBentley\Downloads\dita4publishers-0.9.18\documentation\d4p-users-guide\html2-plugin\reference\ant-parm-fileOrganizationStrategy.xml" xtrc="refbody:1;16:12">
    <section spectitle="Value" class="- topic/section " xtrf="C:\Users\PBentley\Downloads\dita4publishers-0.9.18\documentation\d4p-users-guide\html2-plugin\reference\ant-parm-fileOrganizationStrategy.xml" xtrc="section:1;18:25">
      <p class="- topic/p " xtrf="C:\Users\PBentley\Downloads\dita4publishers-0.9.18\documentation\d4p-users-guide\html2-plugin\reference\ant-parm-fileOrganizationStrategy.xml" xtrc="p:1;19:10">One of the pre-defined strategies "as-authored" or "single-dir" or a user-implemented name. If the strategy name is not recognized (that is, not handled by the base code or an extension) then the default strategy is applied. The default is dependent on the specific transformation type. For HTML2 the default is "as-authored". For EPUB it is "single-dir".</p>
    </section>
    <section spectitle="Default" class="- topic/section " xtrf="C:\Users\PBentley\Downloads\dita4publishers-0.9.18\documentation\d4p-users-guide\html2-plugin\reference\ant-parm-fileOrganizationStrategy.xml" xtrc="section:2;22:27">
      <p class="- topic/p " xtrf="C:\Users\PBentley\Downloads\dita4publishers-0.9.18\documentation\d4p-users-guide\html2-plugin\reference\ant-parm-fileOrganizationStrategy.xml" xtrc="p:2;23:10">Unset, in which case the transform-type-defined default strategy is used.</p>
    </section>
    <section spectitle="XSLT Parameter" class="- topic/section " xtrf="C:\Users\PBentley\Downloads\dita4publishers-0.9.18\documentation\d4p-users-guide\html2-plugin\reference\ant-parm-fileOrganizationStrategy.xml" xtrc="section:3;26:34">
      <p class="- topic/p " xtrf="C:\Users\PBentley\Downloads\dita4publishers-0.9.18\documentation\d4p-users-guide\html2-plugin\reference\ant-parm-fileOrganizationStrategy.xml" xtrc="p:3;27:10">fileOrganizationStrategy.</p>
    </section>
    <section spectitle="Notes" class="- topic/section " xtrf="C:\Users\PBentley\Downloads\dita4publishers-0.9.18\documentation\d4p-users-guide\html2-plugin\reference\ant-parm-fileOrganizationStrategy.xml" xtrc="section:4;30:25">
      <p class="- topic/p " xtrf="C:\Users\PBentley\Downloads\dita4publishers-0.9.18\documentation\d4p-users-guide\html2-plugin\reference\ant-parm-fileOrganizationStrategy.xml" xtrc="p:4;31:11"/>
    </section>
  </refbody>
</reference>