<?xml version="1.0" encoding="utf-8"?><?workdir /C:\Users\PBentley\Downloads\dita4publishers-0.9.18\documentation\temp\pdf\documentation\d4p-users-guide\html2-plugin?><?workdir-uri file:/C:/Users/PBentley/Downloads/dita4publishers-0.9.18/documentation/temp/pdf/documentation/d4p-users-guide/html2-plugin/?><?path2project ..\..\?><?path2project-uri ../../?><concept xmlns:ditaarch="http://dita.oasis-open.org/architecture/2005/" id="conceptId" ditaarch:DITAArchVersion="1.2" domains="(topic hi-d)       (topic indexing-d)      (topic d4p_formatting-d)      (topic d4p_ruby-d)      a(props d4p_renditionTarget)      (topic d4p_classification-d)      (topic d4p_math-d)      (topic d4p_simplebib-d)      (topic d4p_variables-d)      (topic d4p_verse-d)      (topic xml-d)      (topic abbrev-d)     " class="- topic/topic concept/concept " xtrf="C:\Users\PBentley\Downloads\dita4publishers-0.9.18\documentation\d4p-users-guide\html2-plugin\customizing-enumeration.xml" xtrc="concept:1;3:25">
 <title class="- topic/title " xtrf="C:\Users\PBentley\Downloads\dita4publishers-0.9.18\documentation\d4p-users-guide\html2-plugin\customizing-enumeration.xml" xtrc="title:1;4:9">Extending and Customizing Enumeration Processing (Numbering)</title>
 <shortdesc class="- topic/shortdesc " xtrc="shortdesc:1;5:13" xtrf="C:\Users\PBentley\Downloads\dita4publishers-0.9.18\documentation\d4p-users-guide\html2-plugin\customizing-enumeration.xml">How to customize and extend the default enumeration processing for topic titles and other numbered things.</shortdesc>
  <prolog class="- topic/prolog " xtrc="prolog:1;6:11" xtrf="C:\Users\PBentley\Downloads\dita4publishers-0.9.18\documentation\d4p-users-guide\html2-plugin\customizing-enumeration.xml">
    <author class="- topic/author " xtrc="author:1;5:21" xtrf="C:\Users\PBentley\Downloads\dita4publishers-0.9.18\documentation\d4p-users-guide.ditamap">W. Eliot Kimber</author><metadata class="- topic/metadata " xtrc="metadata:1;7:15" xtrf="C:\Users\PBentley\Downloads\dita4publishers-0.9.18\documentation\d4p-users-guide\html2-plugin\customizing-enumeration.xml">
      <keywords class="- topic/keywords " xtrc="keywords:1;8:17" xtrf="C:\Users\PBentley\Downloads\dita4publishers-0.9.18\documentation\d4p-users-guide\html2-plugin\customizing-enumeration.xml">
        <indexterm class="- topic/indexterm " xtrc="indexterm:1;9:20" xtrf="C:\Users\PBentley\Downloads\dita4publishers-0.9.18\documentation\d4p-users-guide\html2-plugin\customizing-enumeration.xml">enumeration<indexterm class="- topic/indexterm " xtrc="indexterm:2;9:42" xtrf="C:\Users\PBentley\Downloads\dita4publishers-0.9.18\documentation\d4p-users-guide\html2-plugin\customizing-enumeration.xml">customizing for HTML output</indexterm></indexterm>
        <indexterm class="- topic/indexterm " xtrc="indexterm:3;10:20" xtrf="C:\Users\PBentley\Downloads\dita4publishers-0.9.18\documentation\d4p-users-guide\html2-plugin\customizing-enumeration.xml"/>
      </keywords>
    <prodinfo class="- topic/prodinfo " xtrc="prodinfo:1;7:27" xtrf="C:\Users\PBentley\Downloads\dita4publishers-0.9.18\documentation\d4p-users-guide.ditamap">
    <prodname class="- topic/prodname " xtrc="prodname:1;8:15" xtrf="C:\Users\PBentley\Downloads\dita4publishers-0.9.18\documentation\d4p-users-guide.ditamap">DITA For Publishers</prodname>
    <vrmlist class="- topic/vrmlist " xtrc="vrmlist:1;9:14" xtrf="C:\Users\PBentley\Downloads\dita4publishers-0.9.18\documentation\d4p-users-guide.ditamap">
      <vrm class="- topic/vrm " version="0.9.16" xtrc="vrm:1;11:27" xtrf="C:\Users\PBentley\Downloads\dita4publishers-0.9.18\documentation\d4p-users-guide.ditamap"/>
    </vrmlist>
    </prodinfo></metadata>
  </prolog>
 <conbody class="- topic/body  concept/conbody " xtrf="C:\Users\PBentley\Downloads\dita4publishers-0.9.18\documentation\d4p-users-guide\html2-plugin\customizing-enumeration.xml" xtrc="conbody:1;14:11">
   <p class="- topic/p " xtrf="C:\Users\PBentley\Downloads\dita4publishers-0.9.18\documentation\d4p-users-guide\html2-plugin\customizing-enumeration.xml" xtrc="p:1;15:7">TBD</p>
 </conbody>
</concept>