<?xml version="1.0" encoding="utf-8"?><?workdir /C:\Users\PBentley\Downloads\dita4publishers-0.9.18\documentation\temp\pdf\documentation\d4p-users-guide\html2-plugin?><?workdir-uri file:/C:/Users/PBentley/Downloads/dita4publishers-0.9.18/documentation/temp/pdf/documentation/d4p-users-guide/html2-plugin/?><?path2project ..\..\?><?path2project-uri ../../?><concept xmlns:ditaarch="http://dita.oasis-open.org/architecture/2005/" id="conceptId" ditaarch:DITAArchVersion="1.2" domains="(topic hi-d)       (topic indexing-d)      (topic d4p_formatting-d)      (topic d4p_ruby-d)      a(props d4p_renditionTarget)      (topic d4p_classification-d)      (topic d4p_math-d)      (topic d4p_simplebib-d)      (topic d4p_variables-d)      (topic d4p_verse-d)      (topic xml-d)      (topic abbrev-d)     " class="- topic/topic concept/concept " xtrf="C:\Users\PBentley\Downloads\dita4publishers-0.9.18\documentation\d4p-users-guide\html2-plugin\html2-transtype-parameters-ref.xml" xtrc="concept:1;3:25">
  <title class="- topic/title " xtrf="C:\Users\PBentley\Downloads\dita4publishers-0.9.18\documentation\d4p-users-guide\html2-plugin\html2-transtype-parameters-ref.xml" xtrc="title:1;4:10">HTML2 Transformation Parameters</title>
  <shortdesc class="- topic/shortdesc " xtrc="shortdesc:1;5:14" xtrf="C:\Users\PBentley\Downloads\dita4publishers-0.9.18\documentation\d4p-users-guide\html2-plugin\html2-transtype-parameters-ref.xml">Unique parameters for the HTML2 transformation type</shortdesc>
  <prolog class="- topic/prolog " xtrc="prolog:1;6:11" xtrf="C:\Users\PBentley\Downloads\dita4publishers-0.9.18\documentation\d4p-users-guide\html2-plugin\html2-transtype-parameters-ref.xml">
    <author class="- topic/author " xtrc="author:1;5:21" xtrf="C:\Users\PBentley\Downloads\dita4publishers-0.9.18\documentation\d4p-users-guide.ditamap">W. Eliot Kimber</author><metadata class="- topic/metadata " xtrc="metadata:1;7:15" xtrf="C:\Users\PBentley\Downloads\dita4publishers-0.9.18\documentation\d4p-users-guide\html2-plugin\html2-transtype-parameters-ref.xml">
      <keywords class="- topic/keywords " xtrc="keywords:1;8:17" xtrf="C:\Users\PBentley\Downloads\dita4publishers-0.9.18\documentation\d4p-users-guide\html2-plugin\html2-transtype-parameters-ref.xml">
        <indexterm class="- topic/indexterm " xtrc="indexterm:1;9:20" xtrf="C:\Users\PBentley\Downloads\dita4publishers-0.9.18\documentation\d4p-users-guide\html2-plugin\html2-transtype-parameters-ref.xml">transformation parameters</indexterm>
      </keywords>
    <prodinfo class="- topic/prodinfo " xtrc="prodinfo:1;7:27" xtrf="C:\Users\PBentley\Downloads\dita4publishers-0.9.18\documentation\d4p-users-guide.ditamap">
    <prodname class="- topic/prodname " xtrc="prodname:1;8:15" xtrf="C:\Users\PBentley\Downloads\dita4publishers-0.9.18\documentation\d4p-users-guide.ditamap">DITA For Publishers</prodname>
    <vrmlist class="- topic/vrmlist " xtrc="vrmlist:1;9:14" xtrf="C:\Users\PBentley\Downloads\dita4publishers-0.9.18\documentation\d4p-users-guide.ditamap">
      <vrm class="- topic/vrm " version="0.9.16" xtrc="vrm:1;11:27" xtrf="C:\Users\PBentley\Downloads\dita4publishers-0.9.18\documentation\d4p-users-guide.ditamap"/>
    </vrmlist>
    </prodinfo></metadata>
  </prolog>
  <conbody class="- topic/body  concept/conbody " xtrf="C:\Users\PBentley\Downloads\dita4publishers-0.9.18\documentation\d4p-users-guide\html2-plugin\html2-transtype-parameters-ref.xml" xtrc="conbody:1;13:12">
    <p class="- topic/p " xtrf="C:\Users\PBentley\Downloads\dita4publishers-0.9.18\documentation\d4p-users-guide\html2-plugin\html2-transtype-parameters-ref.xml" xtrc="p:1;14:8">The HTML2 transformation type allows a number of parameters that configure the details of the generated HTML. Available options include:<ul id="ul_afc9168f-c20e-44a4-a21c-8f1317200eb8" class="- topic/ul " xtrf="C:\Users\PBentley\Downloads\dita4publishers-0.9.18\documentation\d4p-users-guide\html2-plugin\html2-transtype-parameters-ref.xml" xtrc="ul:1;15:52">
      <li class="- topic/li " xtrf="C:\Users\PBentley\Downloads\dita4publishers-0.9.18\documentation\d4p-users-guide\html2-plugin\html2-transtype-parameters-ref.xml" xtrc="li:1;16:11">Include a back-of-the-book index</li>
      <li class="- topic/li " xtrf="C:\Users\PBentley\Downloads\dita4publishers-0.9.18\documentation\d4p-users-guide\html2-plugin\html2-transtype-parameters-ref.xml" xtrc="li:2;17:11">The names of the directories used to hold topics, graphics, and CSS style sheets.</li>
      <li class="- topic/li " xtrf="C:\Users\PBentley\Downloads\dita4publishers-0.9.18\documentation\d4p-users-guide\html2-plugin\html2-transtype-parameters-ref.xml" xtrc="li:3;18:11">The maximum depth of the generated table of contents.</li>
      </ul></p>
    <p class="- topic/p " xtrf="C:\Users\PBentley\Downloads\dita4publishers-0.9.18\documentation\d4p-users-guide\html2-plugin\html2-transtype-parameters-ref.xml" xtrc="p:2;20:8">The parameters documented in this section are Ant parameters recognized by the <filepath class="+ topic/ph sw-d/filepath " xtrf="C:\Users\PBentley\Downloads\dita4publishers-0.9.18\documentation\d4p-users-guide\html2-plugin\html2-transtype-parameters-ref.xml" xtrc="filepath:1;20:97">build_transtype_html2.xml</filepath> Ant script. Each of these Ant parameters corresponds to an XSLT parameter used by the underlying XSLT transforms. The XSLT parameters are defined in the <filepath class="+ topic/ph sw-d/filepath " xtrf="C:\Users\PBentley\Downloads\dita4publishers-0.9.18\documentation\d4p-users-guide\html2-plugin\html2-transtype-parameters-ref.xml" xtrc="filepath:2;20:297">map2html2Impl.xsl</filepath> transform in the HTML2 plugin's <filepath class="+ topic/ph sw-d/filepath " xtrf="C:\Users\PBentley\Downloads\dita4publishers-0.9.18\documentation\d4p-users-guide\html2-plugin\html2-transtype-parameters-ref.xml" xtrc="filepath:3;20:368">xsl/</filepath> directory.</p>
  </conbody>
</concept>