<?xml version="1.0" encoding="utf-8"?><?workdir /C:\Users\PBentley\Downloads\dita4publishers-0.9.18\documentation\temp\pdf\documentation\d4p-users-guide\html2-plugin?><?workdir-uri file:/C:/Users/PBentley/Downloads/dita4publishers-0.9.18/documentation/temp/pdf/documentation/d4p-users-guide/html2-plugin/?><?path2project ..\..\?><?path2project-uri ../../?><concept xmlns:ditaarch="http://dita.oasis-open.org/architecture/2005/" id="conceptId" ditaarch:DITAArchVersion="1.2" domains="(topic hi-d)       (topic indexing-d)      (topic d4p_formatting-d)      (topic d4p_ruby-d)      a(props d4p_renditionTarget)      (topic d4p_classification-d)      (topic d4p_math-d)      (topic d4p_simplebib-d)      (topic d4p_variables-d)      (topic d4p_verse-d)      (topic xml-d)      (topic abbrev-d)     " class="- topic/topic concept/concept " xtrf="C:\Users\PBentley\Downloads\dita4publishers-0.9.18\documentation\d4p-users-guide\html2-plugin\overall-process-flow.xml" xtrc="concept:1;3:25">
 <title class="- topic/title " xtrf="C:\Users\PBentley\Downloads\dita4publishers-0.9.18\documentation\d4p-users-guide\html2-plugin\overall-process-flow.xml" xtrc="title:1;4:9">Overall HTML Generation Process Flow</title>
 <shortdesc class="- topic/shortdesc " xtrc="shortdesc:1;5:13" xtrf="C:\Users\PBentley\Downloads\dita4publishers-0.9.18\documentation\d4p-users-guide\html2-plugin\overall-process-flow.xml">Describes the overall processing flow for the HTML2 transformation</shortdesc>
  <prolog class="- topic/prolog " xtrc="prolog:1;6:11" xtrf="C:\Users\PBentley\Downloads\dita4publishers-0.9.18\documentation\d4p-users-guide\html2-plugin\overall-process-flow.xml">
    <author class="- topic/author " xtrc="author:1;5:21" xtrf="C:\Users\PBentley\Downloads\dita4publishers-0.9.18\documentation\d4p-users-guide.ditamap">W. Eliot Kimber</author><metadata class="- topic/metadata " xtrc="metadata:1;7:15" xtrf="C:\Users\PBentley\Downloads\dita4publishers-0.9.18\documentation\d4p-users-guide\html2-plugin\overall-process-flow.xml">
      <keywords class="- topic/keywords " xtrc="keywords:1;8:17" xtrf="C:\Users\PBentley\Downloads\dita4publishers-0.9.18\documentation\d4p-users-guide\html2-plugin\overall-process-flow.xml">
        <indexterm class="- topic/indexterm " xtrc="indexterm:1;9:20" xtrf="C:\Users\PBentley\Downloads\dita4publishers-0.9.18\documentation\d4p-users-guide\html2-plugin\overall-process-flow.xml"/>
      </keywords>
    <prodinfo class="- topic/prodinfo " xtrc="prodinfo:1;7:27" xtrf="C:\Users\PBentley\Downloads\dita4publishers-0.9.18\documentation\d4p-users-guide.ditamap">
    <prodname class="- topic/prodname " xtrc="prodname:1;8:15" xtrf="C:\Users\PBentley\Downloads\dita4publishers-0.9.18\documentation\d4p-users-guide.ditamap">DITA For Publishers</prodname>
    <vrmlist class="- topic/vrmlist " xtrc="vrmlist:1;9:14" xtrf="C:\Users\PBentley\Downloads\dita4publishers-0.9.18\documentation\d4p-users-guide.ditamap">
      <vrm class="- topic/vrm " version="0.9.16" xtrc="vrm:1;11:27" xtrf="C:\Users\PBentley\Downloads\dita4publishers-0.9.18\documentation\d4p-users-guide.ditamap"/>
    </vrmlist>
    </prodinfo></metadata>
  </prolog>
 <conbody class="- topic/body  concept/conbody " xtrf="C:\Users\PBentley\Downloads\dita4publishers-0.9.18\documentation\d4p-users-guide\html2-plugin\overall-process-flow.xml" xtrc="conbody:1;13:11">
   <p class="- topic/p " xtrf="C:\Users\PBentley\Downloads\dita4publishers-0.9.18\documentation\d4p-users-guide\html2-plugin\overall-process-flow.xml" xtrc="p:1;14:7">The root transformation file is <filepath class="+ topic/ph sw-d/filepath " xtrf="C:\Users\PBentley\Downloads\dita4publishers-0.9.18\documentation\d4p-users-guide\html2-plugin\overall-process-flow.xml" xtrc="filepath:1;14:49">map2html2Impl.xsl</filepath>. This transform defines all the runtime parameters, sets up global variables and handles the initial map processing. It contains a simple passthrough template for "/" and the default-mode template for map.</p>
    <p class="- topic/p " xtrf="C:\Users\PBentley\Downloads\dita4publishers-0.9.18\documentation\d4p-users-guide\html2-plugin\overall-process-flow.xml" xtrc="p:2;15:8">The default-mode map template does the following tasks:<ul class="- topic/ul " xtrf="C:\Users\PBentley\Downloads\dita4publishers-0.9.18\documentation\d4p-users-guide\html2-plugin\overall-process-flow.xml" xtrc="ul:1;15:67">
      <li class="- topic/li " xtrf="C:\Users\PBentley\Downloads\dita4publishers-0.9.18\documentation\d4p-users-guide\html2-plugin\overall-process-flow.xml" xtrc="li:1;16:11">Constructs a list of the graphics used within the publication</li>
      <li class="- topic/li " xtrf="C:\Users\PBentley\Downloads\dita4publishers-0.9.18\documentation\d4p-users-guide\html2-plugin\overall-process-flow.xml" xtrc="li:2;17:11">Constructs an intermediate file that maps the graphic locations as authored to their output locations relative to the generated HTML files. This allows the graphics to have different filenames and locations in the output (for example, all graphics can be put into a single output directory regardless of how they are stored for authoring).</li>
      <li class="- topic/li " xtrf="C:\Users\PBentley\Downloads\dita4publishers-0.9.18\documentation\d4p-users-guide\html2-plugin\overall-process-flow.xml" xtrc="li:3;18:11">Constructs an intermediate data set for the back-of-the-book index that can then be used to generate various renditions of the index.</li>
      <li class="- topic/li " xtrf="C:\Users\PBentley\Downloads\dita4publishers-0.9.18\documentation\d4p-users-guide\html2-plugin\overall-process-flow.xml" xtrc="li:4;19:11">Processes the map in the mode "generate-root-pages" in order to generate the root page or pages, such as the "index.html" file that contains navigation structures, a frameset if appropriate, and so on. This mode in turn does generation of static and dynamic tables of contents as selected by the runtime parameters. By default a dynamic ToC is generated and a static ToC is not.</li>
      <li class="- topic/li " xtrf="C:\Users\PBentley\Downloads\dita4publishers-0.9.18\documentation\d4p-users-guide\html2-plugin\overall-process-flow.xml" xtrc="li:5;20:11">Processes the map in the mode "generate-content", which manages the generation of HTML from topics as driven by the map structure.</li>
      <li class="- topic/li " xtrf="C:\Users\PBentley\Downloads\dita4publishers-0.9.18\documentation\d4p-users-guide\html2-plugin\overall-process-flow.xml" xtrc="li:6;21:11">Processes the map in the mode  "generate-index", which manages the generation of a back-of-the-book index as a separate HTML page or pages.</li>
      <li class="- topic/li " xtrf="C:\Users\PBentley\Downloads\dita4publishers-0.9.18\documentation\d4p-users-guide\html2-plugin\overall-process-flow.xml" xtrc="li:7;22:11">Processes the map in the mode "generate-graphic-copy-ant-script", which generates an Ant script that does the copying of graphics from their source locations to their output locations.</li>
      </ul></p>
    <p class="- topic/p " xtrf="C:\Users\PBentley\Downloads\dita4publishers-0.9.18\documentation\d4p-users-guide\html2-plugin\overall-process-flow.xml" xtrc="p:3;24:8">Most of this processing is fairly straightforward as it is simply processing of topicref-type elements in various contexts to produce different outputs. There is no particular non-obvious processing going on.</p>
    <p class="- topic/p " xtrf="C:\Users\PBentley\Downloads\dita4publishers-0.9.18\documentation\d4p-users-guide\html2-plugin\overall-process-flow.xml" xtrc="p:4;25:8">The non-obvious processing occurs for the processing of topics in the context of their references within the map. In order to enable use of base XSLT transforms for topics while still providing map-context-aware processing that can be overridden easily, the code uses a somewhat convoluted "double dispatch" method.</p>
    <p class="- topic/p " xtrf="C:\Users\PBentley\Downloads\dita4publishers-0.9.18\documentation\d4p-users-guide\html2-plugin\overall-process-flow.xml" xtrc="p:5;26:8">The XSLT file <filepath class="+ topic/ph sw-d/filepath " xtrf="C:\Users\PBentley\Downloads\dita4publishers-0.9.18\documentation\d4p-users-guide\html2-plugin\overall-process-flow.xml" xtrc="filepath:2;26:32">map2html2Context.xsl</filepath> iterates over the list of unique topic document references, as defined by the utility function df:getUniqueTopicrefs(), which takes into account chunking behavior. For each unique topic document reference, processing is applied in the mode "generate-content".</p>
    <p class="- topic/p " xtrf="C:\Users\PBentley\Downloads\dita4publishers-0.9.18\documentation\d4p-users-guide\html2-plugin\overall-process-flow.xml" xtrc="p:6;27:8">The template for topic references (as opposed to topic heads or topic groups) resolves the topicref to a topic document. It then first processes the topic in the mode "href-fixup", which is implemented by the common module "topicHrefFixup.xsl in the "net.sourceforge.dita4publishers.common.xslt" Toolkit plugin. That mode is an identity transform that rewrites all <xmlatt class="+ topic/keyword xml-d/xmlatt " xtrf="C:\Users\PBentley\Downloads\dita4publishers-0.9.18\documentation\d4p-users-guide\html2-plugin\overall-process-flow.xml" xtrc="xmlatt:1;27:381">href</xmlatt> attribute values to reflect the eventual output locations of all the output files, resulting in an in-memory temporary topic document that is then processed in the mode "generate-content", passing the topicref element and result URI as tunnel parameters to the apply-templates call.</p>
    <p class="- topic/p " xtrf="C:\Users\PBentley\Downloads\dita4publishers-0.9.18\documentation\d4p-users-guide\html2-plugin\overall-process-flow.xml" xtrc="p:7;28:8">The generate-content template for topics then applies templates in the mode "map-driven-content-processing" to generate the initial no-namespace HTML file generated by the base HTML1 transforms, captured into a temporary variable. The no-namespace HTML is then processed in the mode "no-namespace-html-post-process" to produce the result file, which by default simply copies the no-namespace HTML to the output. You can override this mode to further process the HTML, for example to generate XHTML or HTML5 (as is done by the EPUB and HTML5 transforms, respectively).</p>
    <p class="- topic/p " xtrf="C:\Users\PBentley\Downloads\dita4publishers-0.9.18\documentation\d4p-users-guide\html2-plugin\overall-process-flow.xml" xtrc="p:8;29:8">The "map-driven-content-processing" template for topics checks to see whether or not the topicref parameter has a value. If it does, it applies templates in the mode "topicref-driven-content" to the topicref passed in as a parameter, passing the <i class="+ topic/ph hi-d/i " xtrf="C:\Users\PBentley\Downloads\dita4publishers-0.9.18\documentation\d4p-users-guide\html2-plugin\overall-process-flow.xml" xtrc="i:1;29:257">topic</i> as a parameter to apply templates. If the topicref parameter does not have a value, then it applies templates to the topic in the default mode, which has the effect of applying the normal HTML1 processing to topic in order to generate non-namespaced HTML.</p>
    <p class="- topic/p " xtrf="C:\Users\PBentley\Downloads\dita4publishers-0.9.18\documentation\d4p-users-guide\html2-plugin\overall-process-flow.xml" xtrc="p:9;30:8">The "topicref-driven-content" template for topicref then applies templates to the <i class="+ topic/ph hi-d/i " xtrf="C:\Users\PBentley\Downloads\dita4publishers-0.9.18\documentation\d4p-users-guide\html2-plugin\overall-process-flow.xml" xtrc="i:2;30:93">topic</i> in the default mode, passing the <i class="+ topic/ph hi-d/i " xtrf="C:\Users\PBentley\Downloads\dita4publishers-0.9.18\documentation\d4p-users-guide\html2-plugin\overall-process-flow.xml" xtrc="i:3;30:139">topicref</i> as a tunnel parameter. This has no effect on the (current) base HTML1 transforms but makes the topicref available to any extensions that choose to grab it.</p>
    <p class="- topic/p " xtrf="C:\Users\PBentley\Downloads\dita4publishers-0.9.18\documentation\d4p-users-guide\html2-plugin\overall-process-flow.xml" xtrc="p:10;31:8">The result URLs for files generated from topics (the HTML files) are determined by by the function htmlutil:getTopicResultUrl(). If the global file organization strategy is "single-dir" then the function calls the named template "get-topic-result-url-single-dir" otherwise it applies templates to the map in the mode "get-topic-result-url", which by default applies the "as-authored" strategy. You can implement your own template that matches on map/map in the "get-topic-result-url" mode or you can override the "get-topic-result-url-single-dir" template to implement your own output file organization strategy.</p>
    <p class="- topic/p " xtrf="C:\Users\PBentley\Downloads\dita4publishers-0.9.18\documentation\d4p-users-guide\html2-plugin\overall-process-flow.xml" xtrc="p:11;32:8">This rather convoluted processing chain is necessary in order to enable direct use of the HTML1 transforms with the option of map awareness. If the HTML1 transforms were reimplemented as XSLT2 transforms then at least some of this mode switching would not be necessary.</p>
    <p class="- topic/p " xtrf="C:\Users\PBentley\Downloads\dita4publishers-0.9.18\documentation\d4p-users-guide\html2-plugin\overall-process-flow.xml" xtrc="p:12;33:8">This profusion of XSTL modes also enables override and extension at several points and enables both pre-processing of the topics before they are sent to the HTML processing (by hooking the href-fixup mode) and post-processing of the initially-generated HTML (by overriding the no-namespace-html-post-process mode).</p>
 </conbody>
</concept>