<?xml version="1.0" encoding="utf-8"?><?workdir /C:\Users\PBentley\Downloads\dita4publishers-0.9.18\documentation\temp\pdf\documentation\d4p-users-guide\html2-plugin?><?workdir-uri file:/C:/Users/PBentley/Downloads/dita4publishers-0.9.18/documentation/temp/pdf/documentation/d4p-users-guide/html2-plugin/?><?path2project ..\..\?><?path2project-uri ../../?><concept xmlns:ditaarch="http://dita.oasis-open.org/architecture/2005/" id="conceptId" ditaarch:DITAArchVersion="1.2" domains="(topic hi-d)       (topic indexing-d)      (topic d4p_formatting-d)      (topic d4p_ruby-d)      a(props d4p_renditionTarget)      (topic d4p_classification-d)      (topic d4p_math-d)      (topic d4p_simplebib-d)      (topic d4p_variables-d)      (topic d4p_verse-d)      (topic xml-d)      (topic abbrev-d)     " class="- topic/topic concept/concept " xtrf="C:\Users\PBentley\Downloads\dita4publishers-0.9.18\documentation\d4p-users-guide\html2-plugin\understanding-html2-transforms.xml" xtrc="concept:1;3:25">
 <title class="- topic/title " xtrf="C:\Users\PBentley\Downloads\dita4publishers-0.9.18\documentation\d4p-users-guide\html2-plugin\understanding-html2-transforms.xml" xtrc="title:1;4:9">Understanding the HTML2 Transformations</title>
 <shortdesc class="- topic/shortdesc " xtrc="shortdesc:1;5:13" xtrf="C:\Users\PBentley\Downloads\dita4publishers-0.9.18\documentation\d4p-users-guide\html2-plugin\understanding-html2-transforms.xml">Guidance on how the HTML2 XSLT transformations are organized and how the processing works.</shortdesc>
  <prolog class="- topic/prolog " xtrc="prolog:1;6:11" xtrf="C:\Users\PBentley\Downloads\dita4publishers-0.9.18\documentation\d4p-users-guide\html2-plugin\understanding-html2-transforms.xml">
    <author class="- topic/author " xtrc="author:1;5:21" xtrf="C:\Users\PBentley\Downloads\dita4publishers-0.9.18\documentation\d4p-users-guide.ditamap">W. Eliot Kimber</author><metadata class="- topic/metadata " xtrc="metadata:1;7:15" xtrf="C:\Users\PBentley\Downloads\dita4publishers-0.9.18\documentation\d4p-users-guide\html2-plugin\understanding-html2-transforms.xml">
      <keywords class="- topic/keywords " xtrc="keywords:1;8:17" xtrf="C:\Users\PBentley\Downloads\dita4publishers-0.9.18\documentation\d4p-users-guide\html2-plugin\understanding-html2-transforms.xml">
        <indexterm class="- topic/indexterm " xtrc="indexterm:1;9:20" xtrf="C:\Users\PBentley\Downloads\dita4publishers-0.9.18\documentation\d4p-users-guide\html2-plugin\understanding-html2-transforms.xml"/>
      </keywords>
    <prodinfo class="- topic/prodinfo " xtrc="prodinfo:1;7:27" xtrf="C:\Users\PBentley\Downloads\dita4publishers-0.9.18\documentation\d4p-users-guide.ditamap">
    <prodname class="- topic/prodname " xtrc="prodname:1;8:15" xtrf="C:\Users\PBentley\Downloads\dita4publishers-0.9.18\documentation\d4p-users-guide.ditamap">DITA For Publishers</prodname>
    <vrmlist class="- topic/vrmlist " xtrc="vrmlist:1;9:14" xtrf="C:\Users\PBentley\Downloads\dita4publishers-0.9.18\documentation\d4p-users-guide.ditamap">
      <vrm class="- topic/vrm " version="0.9.16" xtrc="vrm:1;11:27" xtrf="C:\Users\PBentley\Downloads\dita4publishers-0.9.18\documentation\d4p-users-guide.ditamap"/>
    </vrmlist>
    </prodinfo></metadata>
  </prolog>
 <conbody class="- topic/body  concept/conbody " xtrf="C:\Users\PBentley\Downloads\dita4publishers-0.9.18\documentation\d4p-users-guide\html2-plugin\understanding-html2-transforms.xml" xtrc="conbody:1;13:11">
   <p class="- topic/p " xtrf="C:\Users\PBentley\Downloads\dita4publishers-0.9.18\documentation\d4p-users-guide\html2-plugin\understanding-html2-transforms.xml" xtrc="p:1;14:7">The HTML2 transformations are "map driven", meaning that the initial input document is a resolved DITA map and all processing of the map and its referenced topics is driven directly by the map structure. This processing takes advantage of XSLT2 features that make it easier to do multi-stage processing within a single XSLT transformation and that make it possible to produce multiple result documents. The transform also takes advantage of XSLT2's support for locally-defined functions to make it possible to do complex filename processing, which enables more sophisticated and flexible output processing than the original HTML transformation type can provide (which I will refer to as "HTML1" in this document).</p>
    <p class="- topic/p " xtrf="C:\Users\PBentley\Downloads\dita4publishers-0.9.18\documentation\d4p-users-guide\html2-plugin\understanding-html2-transforms.xml" xtrc="p:2;15:8">The HTML2 transformation type does use the general topic-to-HTML processing provided by the HTML1 transformation type, meaning that any plugin-provided extensions to the HTML transformation type will be used by the HTML2 transformation type.</p>
    <p class="- topic/p " xtrf="C:\Users\PBentley\Downloads\dita4publishers-0.9.18\documentation\d4p-users-guide\html2-plugin\understanding-html2-transforms.xml" xtrc="p:3;16:8">The HTML2 transformation type replaces all the topic file and graphic file list generation required by the HTML1 topic type.</p>
    <p class="- topic/p " xtrf="C:\Users\PBentley\Downloads\dita4publishers-0.9.18\documentation\d4p-users-guide\html2-plugin\understanding-html2-transforms.xml" xtrc="p:4;17:8">Understanding and extending the HTML2 transformation type requires use of and understanding of XSLT2 features.</p>
    <p class="- topic/p " xtrf="C:\Users\PBentley\Downloads\dita4publishers-0.9.18\documentation\d4p-users-guide\html2-plugin\understanding-html2-transforms.xml" xtrc="p:5;18:8">The HTML2 transforms have been designed for maximum ease of extension and customization. They make heavy use of XSLT modes.</p>
    <p class="- topic/p " xtrf="C:\Users\PBentley\Downloads\dita4publishers-0.9.18\documentation\d4p-users-guide\html2-plugin\understanding-html2-transforms.xml" xtrc="p:6;19:8">For the purposes of this discussion, the map and its local-scope dependencies are referred to collectively as "the publication". Because the transform processes everything in one go, it is sensible to think of the compound document defined by map as a single entity for processing purposes. That entity is "the publication".</p>
 </conbody>
</concept>