<?xml version="1.0" encoding="utf-8"?><?workdir /C:\Users\PBentley\Downloads\dita4publishers-0.9.18\documentation\temp\pdf\documentation\d4p-users-guide?><?workdir-uri file:/C:/Users/PBentley/Downloads/dita4publishers-0.9.18/documentation/temp/pdf/documentation/d4p-users-guide/?><?path2project ..\?><?path2project-uri ../?><part xmlns:ditaarch="http://dita.oasis-open.org/architecture/2005/" id="part-id" ditaarch:DITAArchVersion="1.2" domains="(topic hi-d)       (topic indexing-d)      (topic d4p_formatting-d)      (topic d4p_ruby-d)      a(props d4p_renditionTarget)      (topic d4p_classification-d)      (topic d4p_math-d)      (topic d4p_simplebib-d)      (topic d4p_variables-d)      (topic d4p_verse-d)      (topic xml-d)      (topic abbrev-d)     " class="- topic/topic part/part " xtrf="C:\Users\PBentley\Downloads\dita4publishers-0.9.18\documentation\d4p-users-guide\introduction-chapter.xml" xtrc="part:1;4:16">
  <title class="- topic/title " xtrf="C:\Users\PBentley\Downloads\dita4publishers-0.9.18\documentation\d4p-users-guide\introduction-chapter.xml" xtrc="title:1;5:10">The DITA For Publishers Open Toolkit Plugins</title>
  <prolog class="- topic/prolog "><author class="- topic/author " xtrc="author:1;5:21" xtrf="C:\Users\PBentley\Downloads\dita4publishers-0.9.18\documentation\d4p-users-guide.ditamap">W. Eliot Kimber</author><metadata class="- topic/metadata "><prodinfo class="- topic/prodinfo " xtrc="prodinfo:1;7:27" xtrf="C:\Users\PBentley\Downloads\dita4publishers-0.9.18\documentation\d4p-users-guide.ditamap">
    <prodname class="- topic/prodname " xtrc="prodname:1;8:15" xtrf="C:\Users\PBentley\Downloads\dita4publishers-0.9.18\documentation\d4p-users-guide.ditamap">DITA For Publishers</prodname>
    <vrmlist class="- topic/vrmlist " xtrc="vrmlist:1;9:14" xtrf="C:\Users\PBentley\Downloads\dita4publishers-0.9.18\documentation\d4p-users-guide.ditamap">
      <vrm class="- topic/vrm " version="0.9.16" xtrc="vrm:1;11:27" xtrf="C:\Users\PBentley\Downloads\dita4publishers-0.9.18\documentation\d4p-users-guide.ditamap"/>
    </vrmlist>
    </prodinfo></metadata></prolog><body class="- topic/body " xtrf="C:\Users\PBentley\Downloads\dita4publishers-0.9.18\documentation\d4p-users-guide\introduction-chapter.xml" xtrc="body:1;6:9">
    <p class="- topic/p " xtrf="C:\Users\PBentley\Downloads\dita4publishers-0.9.18\documentation\d4p-users-guide\introduction-chapter.xml" xtrc="p:1;7:8">The DITA For Publishers (D4P) project provides a number of plugins for the DITA Open Toolkit. These plugins include:<ul class="- topic/ul " xtrf="C:\Users\PBentley\Downloads\dita4publishers-0.9.18\documentation\d4p-users-guide\introduction-chapter.xml" xtrc="ul:1;7:128">
      <li class="- topic/li " xtrf="C:\Users\PBentley\Downloads\dita4publishers-0.9.18\documentation\d4p-users-guide\introduction-chapter.xml" xtrc="li:1;8:11">A plugin with all the D4P vocabulary modules and sample document type shells (net.sourceforge.dita4publishers.doctypes) or simply "the doctypes plugin".</li>
      <li class="- topic/li " xtrf="C:\Users\PBentley\Downloads\dita4publishers-0.9.18\documentation\d4p-users-guide\introduction-chapter.xml" xtrc="li:2;9:11">An EPUB generation plugin that allows generation of EPUBs from any DITA map (net.sourceforge.dita4publishers.epub)</li>
      <li class="- topic/li " xtrf="C:\Users\PBentley\Downloads\dita4publishers-0.9.18\documentation\d4p-users-guide\introduction-chapter.xml" xtrc="li:3;10:11">Plugins that provide D4P-specific extensions to the other standard Toolkit plugins (HTML, PDF, etc.). These plugins are named by the map, topic, or domain type they support plus the transformation type they extend, e.g. "net.sourceforge.dita4publishers.formatting-d.fo".</li>
      </ul></p>
    <p class="- topic/p " xtrf="C:\Users\PBentley\Downloads\dita4publishers-0.9.18\documentation\d4p-users-guide\introduction-chapter.xml" xtrc="p:2;12:8">The D4P plugins are designed to themselves be extended using normal Toolkit extension mechanisms.</p>
    <p class="- topic/p " xtrf="C:\Users\PBentley\Downloads\dita4publishers-0.9.18\documentation\d4p-users-guide\introduction-chapter.xml" xtrc="p:3;13:8">The D4P doctypes plugin integrates the D4P vocabulary modules with the Open Toolkit and thereby makes them available to any tool that does or can use the Toolkit's entity resolution catalog. For example, if you deploy the D4P doctypes plugin to the Toolkit integrated with OxygenXML, you can immediately start editing D4P maps and topics.</p>
    <p class="- topic/p " xtrf="C:\Users\PBentley\Downloads\dita4publishers-0.9.18\documentation\d4p-users-guide\introduction-chapter.xml" xtrc="p:4;14:8">The doctypes plugin is the only plugin that is required in order to work with DITA for Publishers content. The other plugins may be used or not as you choose.</p>
  </body>
</part>