<?xml version="1.0" encoding="UTF-8"?>
<project name="Single Word Doc to Map and Topics All Built-In Styles" default="transformMyDoc">
	
  <property file="build.properties"/>
  <property file="${user.home}/.build.properties"/>
  <property file="${user.home}/build.properties"/>
	
  <!-- This property should be set in one of the included files above
       to reflect the location of Toolkit on your machine:
    -->
	<property name="dita-ot-dir" location="C:\DITA-OT\DITA-OT1.8.RC"/>
	
	<dirname property="myAntFile.dir" file="${ant.file}"/>

	<tstamp/>

	<target name="transformMyDoc">
		
		
		
	
    <property name="word.doc" 
    	location="SC_Core_Course_Unit5.docx"/>

		<basename  property="doc.base.name" file="SC_Core_Course_Unit5.docx" suffix=".docx"/>

		<ant antfile="build.xml" target="dita2word2dita">
			<!-- Set this to the filename of the DOCX file to be transformed: -->
			<property name="args.input" location="SC_Core_Course_Unit5.docx"/>
			
			
			
			

			<!-- Change w2d.style-to-tag-map to point to your style-to-tag map document: -->
			<property name="w2d.style-to-tag-map" location="style2tagmap_W2Dtemplate_Consolidated_v4.0.xml"/>
			
      <property name="w2d.root.output.filename" value="${doc.base.name}.ditamap"/>
			
			<!-- Specify output.dir to set to the output directory to contain the generated DITA files: -->
			
			<property name="output.dir" location="C:\DITA-OT\DITA-OT1.8.RC\all_defaults\"/>
			<property name="w2d.clean.output.dir" value="true"/><!-- Clean output directory before doing generation -->
			<property name="w2d.debug.xslt" value="true"/><!-- Turn XSLT debug messages on -->
		  <property name="w2d.language" value="nl-NL"/>
			<property name="w2d.include.word.backpointers" value="false"/>
		</ant>
    <ant antfile="build.xml" target="dita2xhtml">
      <property name="args.input" 
      	location="C:\DITA-OT\DITA-OT1.8.RC\all_defaults\dita\${doc.base.name}.ditamap"/>
    </ant>

	</target>	

</project>