<?xml version="1.0" encoding="UTF-8"?>
<!DOCTYPE reference
  PUBLIC "-//OASIS//DTD DITA Reference//EN" "reference.dtd">
<reference xmlns:ditaarch="http://dita.oasis-open.org/architecture/2005/" id="rel1.3.1" ditaarch:DITAArchVersion="1.2"><title>DITA OT release 1.3.1</title><shortdesc>Release 1.3.1 is a maintenance release to fix defects and make patches based on
      release 1.3.</shortdesc><refbody><section id="section_sre_zdj_nc">
        <title>15 SF Bugs Fixed</title>
        <ol><li>SF Bug 1385642 docbook/topic2db.xsl - shortdesc</li><li>SF Bug 1528638 wordrtf does not correctly number steps</li><li>SF Bug 1562518 Flag is confusing when a list is mixed with text</li><li>SF Bug 1563665 Should use CSS to honor rowsep and colsep in table entries</li><li>SF Bug 1567117 Xref to footnote is not resolved correctly </li><li>SF Bug 1569671 &lt;reltable&gt; in nested map creates bogus TOC entries</li><li>SF Bug 1573996 Plugins do not work in plugins directory</li><li>SF Bug 1574011 Spaces in a file name prevent XHTML output</li><li>SF Bug 1584186 Bookmap 1.1: &lt;title&gt; element duplicated in mappull</li><li>SF Bug 1588039 Conref domain checking is sub-par</li><li>SF Bug 1588624 OT v1.3 map2hhc.xsl error</li><li>SF Bug 1597444 Java topicmerge breaks when text contains less-than</li><li>SF Bug 1597473 Nothing references common.css</li><li>SF Bug 1598109 Java topicmerge does not rewrite image/@href</li><li>SF Bug 1598230 jhindexer of JavaHelp breaks Search Index for DITAOT content</li></ol>
      </section></refbody><related-links><linklist><desc>SourceForge bugs, patches, and RFEs listed above can be found in SourceForge Bugs,
    Patches, and RFE tracker pages</desc><link href="http://sourceforge.net/tracker/?group_id=132728&amp;atid=725074" scope="external"><linktext>Bugs tracker</linktext></link><link href="http://sourceforge.net/tracker/?group_id=132728&amp;atid=725076" scope="external"><linktext>Patches tracker</linktext></link><link href="http://sourceforge.net/tracker/?group_id=132728&amp;atid=725077" scope="external"><linktext>RFE tracker</linktext></link></linklist></related-links></reference>