<?xml version="1.0" ?><job><property name="resourceonlyfile"><string>resourceonly.list</string></property><property name="relflagimagefile"><string>relflagimage.list</string></property><property name="user.input.file.listfile"><string>usr.input.file.list</string></property><property name="chunkedtopicfile"><string>chunkedtopic.list</string></property><property name="relflagimagelist"><string></string></property><property name="user.input.file"><string>documentation\d4p-users-guide.ditamap</string></property><property name="chunkedditamapfile"><string>chunkedditamap.list</string></property><property name="copytotarget2sourcemaplist"><map></map></property><property name="uplevels"><string>..\</string></property><property name="tempdirToinputmapdir.relative.value"><string>documentation[\\|/]</string></property><property name="user.input.dir"><string>C:\Users\PBentley\Downloads\dita4publishers-0.9.18</string></property><files><file path="documentation/d4p-users-guide/dita2indesign/dita-to-indesign-framework-chapter.xml" format="dita" has-link="true" skip-chunk="false" has-conref="false" has-keyref="false" chunked-ditamap="false" out-dita="false" non-conref-target="true" conrefpush="false" flag-image="false" chunked="true" conref-target="false" subtarget="false" resource-only="false" target="true" active="true" copy-to-source="false" has-coderef="false" subjectscheme="false"></file><file path="documentation/d4p-users-guide/appendixes/appendix-01.xml" format="dita" has-link="false" skip-chunk="false" has-conref="false" has-keyref="false" chunked-ditamap="false" out-dita="false" non-conref-target="true" conrefpush="false" flag-image="false" chunked="true" conref-target="false" subtarget="false" resource-only="false" target="true" active="true" copy-to-source="false" has-coderef="false" subjectscheme="false"></file><file path="documentation/d4p-users-guide/word2dita/word2dita-video-tutorial-01.xml" format="dita" has-link="true" skip-chunk="false" has-conref="false" has-keyref="false" chunked-ditamap="false" out-dita="false" non-conref-target="true" conrefpush="false" flag-image="false" chunked="true" conref-target="false" subtarget="false" resource-only="false" target="true" active="true" copy-to-source="false" has-coderef="false" subjectscheme="false"></file><file path="documentation/d4p-users-guide/images/cover-graphic.jpg" format="image" has-link="false" skip-chunk="false" has-conref="false" has-keyref="false" chunked-ditamap="false" out-dita="false" non-conref-target="false" conrefpush="false" flag-image="false" chunked="false" conref-target="false" subtarget="false" resource-only="false" target="false" active="false" copy-to-source="false" has-coderef="false" subjectscheme="false"></file><file path="documentation/d4p-users-guide/release-notes/release-notes-0.9.12.xml" format="dita" has-link="false" skip-chunk="false" has-conref="false" has-keyref="false" chunked-ditamap="false" out-dita="false" non-conref-target="true" conrefpush="false" flag-image="false" chunked="true" conref-target="false" subtarget="false" resource-only="false" target="true" active="true" copy-to-source="false" has-coderef="false" subjectscheme="false"></file><file path="documentation/d4p-users-guide/epub-plugin/reference/ant-parm-argsCssOutputDir.xml" format="dita" has-link="false" skip-chunk="false" has-conref="false" has-keyref="false" chunked-ditamap="false" out-dita="false" non-conref-target="true" conrefpush="false" flag-image="false" chunked="true" conref-target="false" subtarget="false" resource-only="false" target="true" active="true" copy-to-source="false" has-coderef="false" subjectscheme="false"></file><file path="documentation/d4p-users-guide/dita2indesign/indesign-product-overview.xml" format="dita" has-link="false" skip-chunk="false" has-conref="false" has-keyref="false" chunked-ditamap="false" out-dita="false" non-conref-target="true" conrefpush="false" flag-image="false" chunked="true" conref-target="false" subtarget="false" resource-only="false" target="true" active="true" copy-to-source="false" has-coderef="false" subjectscheme="false"></file><file path="documentation/docx2dita_guide_and_reference/word2dita-from-oxygen.xml" format="dita" has-link="false" skip-chunk="false" has-conref="false" has-keyref="false" chunked-ditamap="false" out-dita="false" non-conref-target="true" conrefpush="false" flag-image="false" chunked="false" conref-target="false" subtarget="false" resource-only="false" target="true" active="true" copy-to-source="false" has-coderef="false" subjectscheme="false"></file><file path="documentation/d4p-users-guide/vocabulary-part/domain-modules-overview.xml" format="dita" has-link="false" skip-chunk="false" has-conref="false" has-keyref="false" chunked-ditamap="false" out-dita="false" non-conref-target="true" conrefpush="false" flag-image="false" chunked="true" conref-target="false" subtarget="false" resource-only="false" target="true" active="true" copy-to-source="false" has-coderef="false" subjectscheme="false"></file><file path="documentation/d4p-users-guide/epub-plugin/setting-up-kindlegen.xml" format="dita" has-link="true" skip-chunk="false" has-conref="false" has-keyref="false" chunked-ditamap="false" out-dita="false" non-conref-target="true" conrefpush="false" flag-image="false" chunked="true" conref-target="false" subtarget="false" resource-only="false" target="true" active="true" copy-to-source="false" has-coderef="false" subjectscheme="false"></file><file path="documentation/d4p-users-guide/word2dita/w2d-getting-started.xml" format="dita" has-link="true" skip-chunk="false" has-conref="false" has-keyref="false" chunked-ditamap="false" out-dita="false" non-conref-target="true" conrefpush="false" flag-image="false" chunked="true" conref-target="false" subtarget="false" resource-only="false" target="true" active="true" copy-to-source="false" has-coderef="false" subjectscheme="false"></file><file path="website/topics/pubmap-domain.xml" format="dita" has-link="false" skip-chunk="false" has-conref="false" has-keyref="false" chunked-ditamap="false" out-dita="true" non-conref-target="true" conrefpush="false" flag-image="false" chunked="false" conref-target="false" subtarget="false" resource-only="false" target="true" active="true" copy-to-source="false" has-coderef="false" subjectscheme="false"></file><file path="documentation/d4p-users-guide/epub-plugin/reference/ant-parm-coverGraphicFile.xml" format="dita" has-link="true" skip-chunk="false" has-conref="false" has-keyref="false" chunked-ditamap="false" out-dita="false" non-conref-target="true" conrefpush="false" flag-image="false" chunked="true" conref-target="false" subtarget="false" resource-only="false" target="true" active="true" copy-to-source="false" has-coderef="false" subjectscheme="false"></file><file path="documentation/d4p-users-guide/transform-frameworks-part/transform-frameworks-part.xml" format="dita" has-link="true" skip-chunk="false" has-conref="false" has-keyref="false" chunked-ditamap="false" out-dita="false" non-conref-target="true" conrefpush="false" flag-image="false" chunked="true" conref-target="false" subtarget="false" resource-only="false" target="true" active="true" copy-to-source="false" has-coderef="false" subjectscheme="false"></file><file path="documentation/d4p-users-guide/epub-plugin/creating-opf-metadata.xml" format="dita" has-link="false" skip-chunk="false" has-conref="false" has-keyref="false" chunked-ditamap="false" out-dita="false" non-conref-target="true" conrefpush="false" flag-image="false" chunked="true" conref-target="false" subtarget="false" resource-only="false" target="true" active="true" copy-to-source="false" has-coderef="false" subjectscheme="false"></file><file path="documentation/d4p-users-guide/word2dita/sample-customization-transform.xml" format="dita" has-link="false" skip-chunk="false" has-conref="false" has-keyref="false" chunked-ditamap="false" out-dita="false" non-conref-target="true" conrefpush="false" flag-image="false" chunked="true" conref-target="false" subtarget="false" resource-only="false" target="true" active="true" copy-to-source="false" has-coderef="false" subjectscheme="false"></file><file path="website/topics/ruby-domain.xml" format="dita" has-link="false" skip-chunk="false" has-conref="false" has-keyref="false" chunked-ditamap="false" out-dita="true" non-conref-target="true" conrefpush="false" flag-image="false" chunked="false" conref-target="false" subtarget="false" resource-only="false" target="true" active="true" copy-to-source="false" has-coderef="false" subjectscheme="false"></file><file path="documentation/d4p-users-guide/vocabulary-part/integrating-attribute-domains.xml" format="dita" has-link="false" skip-chunk="false" has-conref="false" has-keyref="false" chunked-ditamap="false" out-dita="false" non-conref-target="true" conrefpush="false" flag-image="false" chunked="true" conref-target="false" subtarget="false" resource-only="false" target="true" active="true" copy-to-source="false" has-coderef="false" subjectscheme="false"></file><file path="documentation/d4p-users-guide/epub-plugin/reference/ant-parm-imagesOutputDir.xml" format="dita" has-link="false" skip-chunk="false" has-conref="false" has-keyref="false" chunked-ditamap="false" out-dita="false" non-conref-target="true" conrefpush="false" flag-image="false" chunked="true" conref-target="false" subtarget="false" resource-only="false" target="true" active="true" copy-to-source="false" has-coderef="false" subjectscheme="false"></file><file path="documentation/d4p-users-guide/dita2indesign/indesign-optimization.xml" format="dita" has-link="false" skip-chunk="false" has-conref="false" has-keyref="false" chunked-ditamap="false" out-dita="false" non-conref-target="true" conrefpush="false" flag-image="false" chunked="true" conref-target="false" subtarget="false" resource-only="false" target="true" active="true" copy-to-source="false" has-coderef="false" subjectscheme="false"></file><file path="documentation/d4p-users-guide/html2-plugin/overall-process-flow.xml" format="dita" has-link="false" skip-chunk="false" has-conref="false" has-keyref="false" chunked-ditamap="false" out-dita="false" non-conref-target="true" conrefpush="false" flag-image="false" chunked="true" conref-target="false" subtarget="false" resource-only="false" target="true" active="true" copy-to-source="false" has-coderef="false" subjectscheme="false"></file><file path="documentation/d4p-users-guide/epub-plugin/using-custom-css.xml" format="dita" has-link="false" skip-chunk="false" has-conref="false" has-keyref="true" chunked-ditamap="false" out-dita="false" non-conref-target="true" conrefpush="false" flag-image="false" chunked="true" conref-target="false" subtarget="false" resource-only="false" target="true" active="true" copy-to-source="false" has-coderef="false" subjectscheme="false"></file><file path="documentation/d4p-users-guide/word2dita/customizing-the-transform.xml" format="dita" has-link="false" skip-chunk="false" has-conref="false" has-keyref="false" chunked-ditamap="false" out-dita="false" non-conref-target="true" conrefpush="false" flag-image="false" chunked="true" conref-target="false" subtarget="false" resource-only="false" target="true" active="true" copy-to-source="false" has-coderef="false" subjectscheme="false"></file><file path="website/topics/enumeration-domains.xml" format="dita" has-link="false" skip-chunk="false" has-conref="false" has-keyref="false" chunked-ditamap="false" out-dita="true" non-conref-target="true" conrefpush="false" flag-image="false" chunked="false" conref-target="false" subtarget="false" resource-only="false" target="true" active="true" copy-to-source="false" has-coderef="false" subjectscheme="false"></file><file path="website/topics/formatting-domain.xml" format="dita" has-link="false" skip-chunk="false" has-conref="false" has-keyref="false" chunked-ditamap="false" out-dita="true" non-conref-target="true" conrefpush="false" flag-image="false" chunked="false" conref-target="false" subtarget="false" resource-only="false" target="true" active="true" copy-to-source="false" has-coderef="false" subjectscheme="false"></file><file path="documentation/d4p-users-guide/vocabulary-part/map-domains-overview.xml" format="dita" has-link="false" skip-chunk="false" has-conref="false" has-keyref="false" chunked-ditamap="false" out-dita="false" non-conref-target="true" conrefpush="false" flag-image="false" chunked="true" conref-target="false" subtarget="false" resource-only="false" target="true" active="true" copy-to-source="false" has-coderef="false" subjectscheme="false"></file><file path="documentation/d4p-users-guide/epub-plugin/reference/ant-parm-topicsOutputDir.xml" format="dita" has-link="false" skip-chunk="false" has-conref="false" has-keyref="false" chunked-ditamap="false" out-dita="false" non-conref-target="true" conrefpush="false" flag-image="false" chunked="true" conref-target="false" subtarget="false" resource-only="false" target="true" active="true" copy-to-source="false" has-coderef="false" subjectscheme="false"></file><file path="website/topics/specialization-modules-overview.xml" format="dita" has-link="false" skip-chunk="false" has-conref="false" has-keyref="false" chunked-ditamap="false" out-dita="true" non-conref-target="true" conrefpush="false" flag-image="false" chunked="false" conref-target="false" subtarget="false" resource-only="false" target="true" active="true" copy-to-source="false" has-coderef="false" subjectscheme="false"></file><file path="documentation/d4p-users-guide/word2dita/word-to-dita-plugin-usage.xml" format="dita" has-link="false" skip-chunk="false" has-conref="false" has-keyref="false" chunked-ditamap="false" out-dita="false" non-conref-target="true" conrefpush="false" flag-image="false" chunked="true" conref-target="false" subtarget="false" resource-only="false" target="true" active="true" copy-to-source="false" has-coderef="false" subjectscheme="false"></file><file path="documentation/d4p-users-guide/epub-plugin/reference/ant-parm-epubIncludeAutoRellinks.xml" format="dita" has-link="false" skip-chunk="false" has-conref="false" has-keyref="false" chunked-ditamap="false" out-dita="false" non-conref-target="true" conrefpush="false" flag-image="false" chunked="true" conref-target="false" subtarget="false" resource-only="false" target="true" active="true" copy-to-source="false" has-coderef="false" subjectscheme="false"></file><file path="documentation/d4p-users-guide/release-notes/release-notes-0.9.13.xml" format="dita" has-link="false" skip-chunk="false" has-conref="false" has-keyref="false" chunked-ditamap="false" out-dita="false" non-conref-target="true" conrefpush="false" flag-image="false" chunked="true" conref-target="false" subtarget="false" resource-only="false" target="true" active="true" copy-to-source="false" has-coderef="false" subjectscheme="false"></file><file path="documentation/d4p-users-guide/epub-plugin/creating-cover-graphics.xml" format="dita" has-link="true" skip-chunk="false" has-conref="false" has-keyref="false" chunked-ditamap="false" out-dita="false" non-conref-target="true" conrefpush="false" flag-image="false" chunked="true" conref-target="false" subtarget="false" resource-only="false" target="true" active="true" copy-to-source="false" has-coderef="false" subjectscheme="false"></file><file path="website/topics/pubcontent-domain.xml" format="dita" has-link="false" skip-chunk="false" has-conref="false" has-keyref="false" chunked-ditamap="false" out-dita="true" non-conref-target="true" conrefpush="false" flag-image="false" chunked="false" conref-target="false" subtarget="false" resource-only="false" target="true" active="true" copy-to-source="false" has-coderef="false" subjectscheme="false"></file><file path="documentation/d4p-users-guide/release-notes/release-notes-0.9.11.xml" format="dita" has-link="false" skip-chunk="false" has-conref="false" has-keyref="false" chunked-ditamap="false" out-dita="false" non-conref-target="true" conrefpush="false" flag-image="false" chunked="true" conref-target="false" subtarget="false" resource-only="false" target="true" active="true" copy-to-source="false" has-coderef="false" subjectscheme="false"></file><file path="documentation/d4p-users-guide/html2-plugin/html2-transtype-parameters-ref.xml" format="dita" has-link="false" skip-chunk="false" has-conref="false" has-keyref="false" chunked-ditamap="false" out-dita="false" non-conref-target="true" conrefpush="false" flag-image="false" chunked="true" conref-target="false" subtarget="false" resource-only="false" target="true" active="true" copy-to-source="false" has-coderef="false" subjectscheme="false"></file><file path="documentation/d4p-users-guide/tasks/plugin-installation.xml" format="dita" has-link="true" skip-chunk="false" has-conref="false" has-keyref="false" chunked-ditamap="false" out-dita="false" non-conref-target="true" conrefpush="false" flag-image="false" chunked="true" conref-target="false" subtarget="false" resource-only="false" target="true" active="true" copy-to-source="false" has-coderef="false" subjectscheme="false"></file><file path="documentation/d4p-users-guide/release-notes/release-notes-0.9.15.xml" format="dita" has-link="false" skip-chunk="false" has-conref="false" has-keyref="false" chunked-ditamap="false" out-dita="false" non-conref-target="true" conrefpush="false" flag-image="false" chunked="true" conref-target="false" subtarget="false" resource-only="false" target="true" active="true" copy-to-source="false" has-coderef="false" subjectscheme="false"></file><file path="documentation/d4p-users-guide/word2dita/transform-parameters.xml" format="dita" has-link="false" skip-chunk="false" has-conref="false" has-keyref="false" chunked-ditamap="false" out-dita="false" non-conref-target="true" conrefpush="false" flag-image="false" chunked="true" conref-target="false" subtarget="false" resource-only="false" target="true" active="true" copy-to-source="false" has-coderef="false" subjectscheme="false"></file><file path="documentation/d4p-users-guide/epub-plugin/reference/ant-parm-epubPubidUriStub.xml" format="dita" has-link="false" skip-chunk="false" has-conref="false" has-keyref="false" chunked-ditamap="false" out-dita="false" non-conref-target="true" conrefpush="false" flag-image="false" chunked="true" conref-target="false" subtarget="false" resource-only="false" target="true" active="true" copy-to-source="false" has-coderef="false" subjectscheme="false"></file><file path="documentation/d4p-users-guide/epub-plugin/generating-epubs-from-oxygen.xml" format="dita" has-link="true" skip-chunk="false" has-conref="false" has-keyref="false" chunked-ditamap="false" out-dita="false" non-conref-target="true" conrefpush="false" flag-image="false" chunked="true" conref-target="false" subtarget="false" resource-only="false" target="true" active="true" copy-to-source="false" has-coderef="false" subjectscheme="false"></file><file path="documentation/d4p-users-guide/html2-plugin/customizing-enumeration.xml" format="dita" has-link="false" skip-chunk="false" has-conref="false" has-keyref="false" chunked-ditamap="false" out-dita="false" non-conref-target="true" conrefpush="false" flag-image="false" chunked="true" conref-target="false" subtarget="false" resource-only="false" target="true" active="true" copy-to-source="false" has-coderef="false" subjectscheme="false"></file><file path="documentation/d4p-users-guide/backmatter/colophon.xml" format="dita" has-link="true" skip-chunk="false" has-conref="false" has-keyref="false" chunked-ditamap="false" out-dita="false" non-conref-target="true" conrefpush="false" flag-image="false" chunked="true" conref-target="false" subtarget="false" resource-only="false" target="true" active="true" copy-to-source="false" has-coderef="false" subjectscheme="false"></file><file path="documentation/d4p-users-guide/vocabulary-part/d4p-vocabulary-reference.xml" format="dita" has-link="false" skip-chunk="false" has-conref="false" has-keyref="false" chunked-ditamap="false" out-dita="false" non-conref-target="true" conrefpush="false" flag-image="false" chunked="true" conref-target="false" subtarget="false" resource-only="false" target="true" active="true" copy-to-source="false" has-coderef="false" subjectscheme="false"></file><file path="documentation/d4p-users-guide/vocabulary-part/topic-domains-overview.xml" format="dita" has-link="false" skip-chunk="false" has-conref="false" has-keyref="false" chunked-ditamap="false" out-dita="false" non-conref-target="true" conrefpush="false" flag-image="false" chunked="true" conref-target="false" subtarget="false" resource-only="false" target="true" active="true" copy-to-source="false" has-coderef="false" subjectscheme="false"></file><file path="documentation/d4p-users-guide/word2dita/word2dita-intro.xml" format="dita" has-link="false" skip-chunk="false" has-conref="false" has-keyref="false" chunked-ditamap="false" out-dita="false" non-conref-target="true" conrefpush="false" flag-image="false" chunked="true" conref-target="false" subtarget="false" resource-only="false" target="true" active="true" copy-to-source="false" has-coderef="false" subjectscheme="false"></file><file path="documentation/d4p-users-guide/vocabulary-part/d4p-vocabulary-concepts.xml" format="dita" has-link="false" skip-chunk="false" has-conref="false" has-keyref="false" chunked-ditamap="false" out-dita="false" non-conref-target="true" conrefpush="false" flag-image="false" chunked="true" conref-target="false" subtarget="false" resource-only="false" target="true" active="true" copy-to-source="false" has-coderef="false" subjectscheme="false"></file><file path="documentation/d4p-users-guide/epub-plugin/reference/ant-parm-kindleGenExecutable.xml" format="dita" has-link="true" skip-chunk="false" has-conref="false" has-keyref="false" chunked-ditamap="false" out-dita="false" non-conref-target="true" conrefpush="false" flag-image="false" chunked="true" conref-target="false" subtarget="false" resource-only="false" target="true" active="true" copy-to-source="false" has-coderef="false" subjectscheme="false"></file><file path="documentation/d4p-users-guide/word2dita/word-usage-tips.xml" format="dita" has-link="false" skip-chunk="false" has-conref="false" has-keyref="false" chunked-ditamap="false" out-dita="false" non-conref-target="true" conrefpush="false" flag-image="false" chunked="true" conref-target="false" subtarget="false" resource-only="false" target="true" active="true" copy-to-source="false" has-coderef="false" subjectscheme="false"></file><file path="documentation/d4p-users-guide/introduction-chapter.xml" format="dita" has-link="false" skip-chunk="false" has-conref="false" has-keyref="false" chunked-ditamap="false" out-dita="false" non-conref-target="true" conrefpush="false" flag-image="false" chunked="true" conref-target="false" subtarget="false" resource-only="false" target="true" active="true" copy-to-source="false" has-coderef="false" subjectscheme="false"></file><file path="documentation/d4p-users-guide/epub-plugin/generating-epubs.xml" format="dita" has-link="true" skip-chunk="false" has-conref="false" has-keyref="false" chunked-ditamap="false" out-dita="false" non-conref-target="true" conrefpush="false" flag-image="false" chunked="true" conref-target="false" subtarget="false" resource-only="false" target="true" active="true" copy-to-source="false" has-coderef="false" subjectscheme="false"></file><file path="documentation/d4p-users-guide/images/epub-cover-graphic.jpg" format="image" has-link="false" skip-chunk="false" has-conref="false" has-keyref="false" chunked-ditamap="false" out-dita="false" non-conref-target="false" conrefpush="false" flag-image="false" chunked="false" conref-target="false" subtarget="false" resource-only="true" target="false" active="false" copy-to-source="false" has-coderef="false" subjectscheme="false"></file><file path="documentation/d4p-users-guide/release-notes/release-notes-0.9.18.xml" format="dita" has-link="false" skip-chunk="false" has-conref="false" has-keyref="false" chunked-ditamap="false" out-dita="false" non-conref-target="true" conrefpush="false" flag-image="false" chunked="true" conref-target="false" subtarget="false" resource-only="false" target="true" active="true" copy-to-source="false" has-coderef="false" subjectscheme="false"></file><file path="documentation/d4p-users-guide/vocabulary-part/vocabulary-part.xml" format="dita" has-link="false" skip-chunk="false" has-conref="false" has-keyref="false" chunked-ditamap="false" out-dita="false" non-conref-target="true" conrefpush="false" flag-image="false" chunked="true" conref-target="false" subtarget="false" resource-only="false" target="true" active="true" copy-to-source="false" has-coderef="false" subjectscheme="false"></file><file path="documentation/d4p-users-guide/epub-plugin/reference/ant-parm-titleOnlyTopicClassSpec.xml" format="dita" has-link="false" skip-chunk="false" has-conref="false" has-keyref="false" chunked-ditamap="false" out-dita="false" non-conref-target="true" conrefpush="false" flag-image="false" chunked="true" conref-target="false" subtarget="false" resource-only="false" target="true" active="true" copy-to-source="false" has-coderef="false" subjectscheme="false"></file><file path="documentation/d4p-users-guide/vocabulary-part/rendition-target-att.xml" format="dita" has-link="false" skip-chunk="false" has-conref="false" has-keyref="false" chunked-ditamap="false" out-dita="false" non-conref-target="true" conrefpush="false" flag-image="false" chunked="true" conref-target="false" subtarget="false" resource-only="false" target="true" active="true" copy-to-source="false" has-coderef="false" subjectscheme="false"></file><file path="website/topics/xml-domain.xml" format="dita" has-link="false" skip-chunk="false" has-conref="false" has-keyref="false" chunked-ditamap="false" out-dita="true" non-conref-target="true" conrefpush="false" flag-image="false" chunked="false" conref-target="false" subtarget="false" resource-only="false" target="true" active="true" copy-to-source="false" has-coderef="false" subjectscheme="false"></file><file path="documentation/d4p-users-guide/frontmatter/coverpage.xml" format="dita" has-link="true" skip-chunk="false" has-conref="false" has-keyref="false" chunked-ditamap="false" out-dita="false" non-conref-target="true" conrefpush="false" flag-image="false" chunked="true" conref-target="false" subtarget="false" resource-only="false" target="true" active="true" copy-to-source="false" has-coderef="false" subjectscheme="false"></file><file path="documentation/d4p-users-guide/html2-plugin/reference/ant-parm-generateFrameset.xml" format="dita" has-link="false" skip-chunk="false" has-conref="false" has-keyref="false" chunked-ditamap="false" out-dita="false" non-conref-target="true" conrefpush="false" flag-image="false" chunked="true" conref-target="false" subtarget="false" resource-only="false" target="true" active="true" copy-to-source="false" has-coderef="false" subjectscheme="false"></file><file path="documentation/d4p-users-guide/html2-plugin/reference/ant-parm-generateStaticToc.xml" format="dita" has-link="false" skip-chunk="false" has-conref="false" has-keyref="false" chunked-ditamap="false" out-dita="false" non-conref-target="true" conrefpush="false" flag-image="false" chunked="true" conref-target="false" subtarget="false" resource-only="false" target="true" active="true" copy-to-source="false" has-coderef="false" subjectscheme="false"></file><file path="website/topics/versie-domain.xml" format="dita" has-link="false" skip-chunk="false" has-conref="false" has-keyref="false" chunked-ditamap="false" out-dita="true" non-conref-target="true" conrefpush="false" flag-image="false" chunked="false" conref-target="false" subtarget="false" resource-only="false" target="true" active="true" copy-to-source="false" has-coderef="false" subjectscheme="false"></file><file path="documentation/d4p-users-guide/topics/intro-to-d4p.xml" format="dita" has-link="false" skip-chunk="false" has-conref="false" has-keyref="false" chunked-ditamap="false" out-dita="false" non-conref-target="true" conrefpush="false" flag-image="false" chunked="true" conref-target="false" subtarget="false" resource-only="false" target="true" active="true" copy-to-source="false" has-coderef="false" subjectscheme="false"></file><file path="documentation/d4p-users-guide/topics/about-this-book.xml" format="dita" has-link="true" skip-chunk="false" has-conref="false" has-keyref="false" chunked-ditamap="false" out-dita="false" non-conref-target="true" conrefpush="false" flag-image="false" chunked="true" conref-target="false" subtarget="false" resource-only="false" target="true" active="true" copy-to-source="false" has-coderef="false" subjectscheme="false"></file><file path="documentation/d4p-users-guide/html2-plugin/reference/ant-parm-fileOrganizationStrategy.xml" format="dita" has-link="false" skip-chunk="false" has-conref="false" has-keyref="false" chunked-ditamap="false" out-dita="false" non-conref-target="true" conrefpush="false" flag-image="false" chunked="true" conref-target="false" subtarget="false" resource-only="false" target="true" active="true" copy-to-source="false" has-coderef="false" subjectscheme="false"></file><file path="documentation/d4p-users-guide/word2dita/word-to-dita-plugin.xml" format="dita" has-link="true" skip-chunk="false" has-conref="false" has-keyref="false" chunked-ditamap="false" out-dita="false" non-conref-target="true" conrefpush="false" flag-image="false" chunked="true" conref-target="false" subtarget="false" resource-only="false" target="true" active="true" copy-to-source="false" has-coderef="false" subjectscheme="false"></file><file path="documentation/d4p-users-guide/epub-plugin/overriding-base-processing.xml" format="dita" has-link="false" skip-chunk="false" has-conref="false" has-keyref="false" chunked-ditamap="false" out-dita="false" non-conref-target="true" conrefpush="false" flag-image="false" chunked="true" conref-target="false" subtarget="false" resource-only="false" target="true" active="true" copy-to-source="false" has-coderef="false" subjectscheme="false"></file><file path="documentation/d4p-users-guide/word2dita/troubleshooting-word2dita.xml" format="dita" has-link="false" skip-chunk="false" has-conref="false" has-keyref="false" chunked-ditamap="false" out-dita="false" non-conref-target="true" conrefpush="false" flag-image="false" chunked="true" conref-target="false" subtarget="false" resource-only="false" target="true" active="true" copy-to-source="false" has-coderef="false" subjectscheme="false"></file><file path="documentation/d4p-users-guide/word2dita/word-to-dita-ant-task.xml" format="dita" has-link="true" skip-chunk="false" has-conref="false" has-keyref="false" chunked-ditamap="false" out-dita="false" non-conref-target="true" conrefpush="false" flag-image="false" chunked="true" conref-target="false" subtarget="false" resource-only="false" target="true" active="true" copy-to-source="false" has-coderef="false" subjectscheme="false"></file><file path="documentation/d4p-users-guide/epub-plugin/reference/ant-parm-titleOnlyTopicTitleClassSpec.xml" format="dita" has-link="false" skip-chunk="false" has-conref="false" has-keyref="false" chunked-ditamap="false" out-dita="false" non-conref-target="true" conrefpush="false" flag-image="false" chunked="true" conref-target="false" subtarget="false" resource-only="false" target="true" active="true" copy-to-source="false" has-coderef="false" subjectscheme="false"></file><file path="documentation/d4p-users-guide/epub-plugin/epub-transtype-parameters-ref.xml" format="dita" has-link="false" skip-chunk="false" has-conref="false" has-keyref="false" chunked-ditamap="false" out-dita="false" non-conref-target="true" conrefpush="false" flag-image="false" chunked="true" conref-target="false" subtarget="false" resource-only="false" target="true" active="true" copy-to-source="false" has-coderef="false" subjectscheme="false"></file><file path="documentation/docx2dita_guide_and_reference/style-to-tag-map-overview.xml" format="dita" has-link="false" skip-chunk="false" has-conref="false" has-keyref="false" chunked-ditamap="false" out-dita="false" non-conref-target="true" conrefpush="false" flag-image="false" chunked="false" conref-target="false" subtarget="false" resource-only="false" target="true" active="true" copy-to-source="false" has-coderef="false" subjectscheme="false"></file><file path="documentation/d4p-users-guide/word2dita/word2dita-ant-parameters.xml" format="dita" has-link="false" skip-chunk="false" has-conref="false" has-keyref="false" chunked-ditamap="false" out-dita="false" non-conref-target="true" conrefpush="false" flag-image="false" chunked="true" conref-target="false" subtarget="false" resource-only="false" target="true" active="true" copy-to-source="false" has-coderef="false" subjectscheme="false"></file><file path="documentation/d4p-users-guide/vocabulary-part/integrating-modules.xml" format="dita" has-link="false" skip-chunk="false" has-conref="false" has-keyref="false" chunked-ditamap="false" out-dita="false" non-conref-target="true" conrefpush="false" flag-image="false" chunked="true" conref-target="false" subtarget="false" resource-only="false" target="true" active="true" copy-to-source="false" has-coderef="false" subjectscheme="false"></file><file path="documentation/d4p-users-guide/dita2indesign/dita-to-indesign-plugin-usage.xml" format="dita" has-link="false" skip-chunk="false" has-conref="false" has-keyref="false" chunked-ditamap="false" out-dita="false" non-conref-target="true" conrefpush="false" flag-image="false" chunked="true" conref-target="false" subtarget="false" resource-only="false" target="true" active="true" copy-to-source="false" has-coderef="false" subjectscheme="false"></file><file path="website/topics/classification-domain.xml" format="dita" has-link="false" skip-chunk="false" has-conref="false" has-keyref="false" chunked-ditamap="false" out-dita="true" non-conref-target="true" conrefpush="false" flag-image="false" chunked="false" conref-target="false" subtarget="false" resource-only="false" target="true" active="true" copy-to-source="false" has-coderef="false" subjectscheme="false"></file><file path="documentation/d4p-users-guide.ditamap" format="ditamap" has-link="false" skip-chunk="false" has-conref="false" has-keyref="false" chunked-ditamap="false" out-dita="false" non-conref-target="false" conrefpush="false" flag-image="false" chunked="false" conref-target="false" subtarget="false" resource-only="false" target="false" active="true" copy-to-source="false" has-coderef="false" subjectscheme="false"></file><file path="documentation/d4p-users-guide/release-notes/release-notes-0.9.14.xml" format="dita" has-link="false" skip-chunk="false" has-conref="false" has-keyref="false" chunked-ditamap="false" out-dita="false" non-conref-target="true" conrefpush="false" flag-image="false" chunked="true" conref-target="false" subtarget="false" resource-only="false" target="true" active="true" copy-to-source="false" has-coderef="false" subjectscheme="false"></file><file path="website/topics/d4p-topic-types.xml" format="dita" has-link="false" skip-chunk="false" has-conref="false" has-keyref="false" chunked-ditamap="false" out-dita="true" non-conref-target="true" conrefpush="false" flag-image="false" chunked="false" conref-target="false" subtarget="false" resource-only="false" target="true" active="true" copy-to-source="false" has-coderef="false" subjectscheme="false"></file><file path="documentation/d4p-users-guide/html2-plugin/reference/ant-parm-generateDynamicToc.xml" format="dita" has-link="false" skip-chunk="false" has-conref="false" has-keyref="false" chunked-ditamap="false" out-dita="false" non-conref-target="true" conrefpush="false" flag-image="false" chunked="true" conref-target="false" subtarget="false" resource-only="false" target="true" active="true" copy-to-source="false" has-coderef="false" subjectscheme="false"></file><file path="documentation/d4p-users-guide/release-notes/release-notes-0.9.16.xml" format="dita" has-link="false" skip-chunk="false" has-conref="false" has-keyref="false" chunked-ditamap="false" out-dita="false" non-conref-target="true" conrefpush="false" flag-image="false" chunked="true" conref-target="false" subtarget="false" resource-only="false" target="true" active="true" copy-to-source="false" has-coderef="false" subjectscheme="false"></file><file path="documentation/d4p-users-guide/html2-plugin/understanding-html2-transforms.xml" format="dita" has-link="false" skip-chunk="false" has-conref="false" has-keyref="false" chunked-ditamap="false" out-dita="false" non-conref-target="true" conrefpush="false" flag-image="false" chunked="true" conref-target="false" subtarget="false" resource-only="false" target="true" active="true" copy-to-source="false" has-coderef="false" subjectscheme="false"></file><file path="documentation/d4p-users-guide/html2-plugin/html2-toolkit-plugin.xml" format="dita" has-link="false" skip-chunk="false" has-conref="false" has-keyref="false" chunked-ditamap="false" out-dita="false" non-conref-target="true" conrefpush="false" flag-image="false" chunked="true" conref-target="false" subtarget="false" resource-only="false" target="true" active="true" copy-to-source="false" has-coderef="false" subjectscheme="false"></file><file path="documentation/d4p-users-guide/epub-plugin/reference/ant-parm-epubTempDir.xml" format="dita" has-link="false" skip-chunk="false" has-conref="false" has-keyref="false" chunked-ditamap="false" out-dita="false" non-conref-target="true" conrefpush="false" flag-image="false" chunked="true" conref-target="false" subtarget="false" resource-only="false" target="true" active="true" copy-to-source="false" has-coderef="false" subjectscheme="false"></file><file path="documentation/d4p-users-guide/release-notes/release-notes-0.9.9.xml" format="dita" has-link="false" skip-chunk="false" has-conref="false" has-keyref="false" chunked-ditamap="false" out-dita="false" non-conref-target="true" conrefpush="false" flag-image="false" chunked="true" conref-target="false" subtarget="false" resource-only="false" target="true" active="true" copy-to-source="false" has-coderef="false" subjectscheme="false"></file><file path="documentation/d4p-users-guide/release-notes/release-notes-0.9.10.xml" format="dita" has-link="true" skip-chunk="false" has-conref="false" has-keyref="false" chunked-ditamap="false" out-dita="false" non-conref-target="true" conrefpush="false" flag-image="false" chunked="true" conref-target="false" subtarget="false" resource-only="false" target="true" active="true" copy-to-source="false" has-coderef="false" subjectscheme="false"></file><file path="documentation/d4p-users-guide/epub-plugin/generating-kindle-books-from-oxygen.xml" format="dita" has-link="true" skip-chunk="false" has-conref="false" has-keyref="false" chunked-ditamap="false" out-dita="false" non-conref-target="true" conrefpush="false" flag-image="false" chunked="true" conref-target="false" subtarget="false" resource-only="false" target="true" active="true" copy-to-source="false" has-coderef="false" subjectscheme="false"></file><file path="documentation/d4p-users-guide/dita2indesign/mapping-paragraphs-to-indesign-styles.xml" format="dita" has-link="false" skip-chunk="false" has-conref="false" has-keyref="false" chunked-ditamap="false" out-dita="false" non-conref-target="true" conrefpush="false" flag-image="false" chunked="true" conref-target="false" subtarget="false" resource-only="false" target="true" active="true" copy-to-source="false" has-coderef="false" subjectscheme="false"></file><file path="documentation/d4p-users-guide/dita2indesign/generating-incopy-articles.xml" format="dita" has-link="false" skip-chunk="false" has-conref="false" has-keyref="false" chunked-ditamap="false" out-dita="false" non-conref-target="true" conrefpush="false" flag-image="false" chunked="true" conref-target="false" subtarget="false" resource-only="false" target="true" active="true" copy-to-source="false" has-coderef="false" subjectscheme="false"></file><file path="documentation/d4p-users-guide/release-notes/release-notes.xml" format="dita" has-link="true" skip-chunk="false" has-conref="false" has-keyref="false" chunked-ditamap="false" out-dita="false" non-conref-target="true" conrefpush="false" flag-image="false" chunked="true" conref-target="false" subtarget="false" resource-only="false" target="true" active="true" copy-to-source="false" has-coderef="false" subjectscheme="false"></file><file path="documentation/d4p-users-guide/word2dita/common-mapping-cases.xml" format="dita" has-link="false" skip-chunk="false" has-conref="false" has-keyref="false" chunked-ditamap="false" out-dita="false" non-conref-target="true" conrefpush="false" flag-image="false" chunked="true" conref-target="false" subtarget="false" resource-only="false" target="true" active="true" copy-to-source="false" has-coderef="false" subjectscheme="false"></file></files></job>