<?xml version="1.0" encoding="UTF-8"?>
<!DOCTYPE reference PUBLIC "urn:pubid:dita4publishers.sourceforge.net:doctypes:dita:reference" "http://docs.oasis-open.org/dita/v1.1/OS/dtd/reference.dtd">
<reference id="referenceId">
  <title>html2.generate.static.toc Ant parameter</title>
  <shortdesc>Specifies whether or not to generate a static TOC in the output.</shortdesc>
  <prolog>
    <metadata>
      <keywords>
        <indexterm>table of contents<indexterm>generating</indexterm></indexterm>
        <indexterm>html2.generate.static.toc ant parameter</indexterm>
        <indexterm>ant parameters<indexterm>html2.generate.static.toc</indexterm></indexterm>
        <indexterm>parameters<indexterm>ant<indexterm>html2.generate.static.toc</indexterm></indexterm></indexterm>
      </keywords>
    </metadata>
  </prolog>
  <refbody>
    <section
      spectitle="Value">
      <p>"true" or "false"</p>
    </section>
    <section
      spectitle="Default">
      <p>"false" (do not generate a static table of contents).</p>
    </section>
    <section
      spectitle="XSLT Parameter">
      <p>generateStaticToc.</p>
    </section>
    <section
      spectitle="Notes">
      <p>The static ToC uses JavaScript to display a static tree view of the ToC.</p>
    </section>
  </refbody>
</reference>
