<?xml version="1.0" encoding="UTF-8"?>
<!DOCTYPE concept PUBLIC "urn:pubid:dita4publishers.sourceforge.net:doctypes:dita:concept" "concept.dtd">
<concept id="conceptId">
 <title>Extending and Customizing Enumeration Processing (Numbering)</title>
 <shortdesc>How to customize and extend the default enumeration processing for topic titles and other numbered things.</shortdesc>
  <prolog>
    <metadata>
      <keywords>
        <indexterm>enumeration<indexterm>customizing for HTML output</indexterm></indexterm>
        <indexterm></indexterm>
      </keywords>
    </metadata>
  </prolog>
 <conbody>
   <p>TBD</p>
 </conbody>
</concept>
