<?xml version="1.0" encoding="UTF-8"?>
<project name="graphics-copy" default="copy-graphics">
   <target name="copy-graphics">
      <echo message="Doing copy graphics..."/>
      <copy toFile="/Users/ekimber/workspace/dita4publishers_0.9.18/docs/user_docs/html2/images/cover-graphic.jpg"
            overwrite="yes">
         <fileset dir="/Users/ekimber/workspace/dita4publishers_0.9.18/docs/user_docs/d4p-users-guide/images">
            <include name="cover-graphic.jpg"/>
         </fileset>
      </copy>
   </target>
</project>