<?xml version="1.0" encoding="UTF-8"?>
<!DOCTYPE task PUBLIC "urn:pubid:dita4publishers.sourceforge.net:doctypes:dita:task" "task.dtd">
<task id="taskId">
    <title>Installing the Toolkit Plugins</title>
    <shortdesc>How to install the DITA for Publishers Toolkit plugins to the Open Toolkit.</shortdesc>
  <prolog>
    <metadata>
      <keywords>
        <indexterm>toolkit plugins<indexterm>installing</indexterm></indexterm>
        <indexterm>installing toolkit plugins</indexterm>
      </keywords>
    </metadata>
  </prolog>
    <taskbody>
        <context>
            <p>All the plugins are distributed as Zip files. Installation is basically unzipping the Zips into the Toolkit's <filepath>plugins</filepath> directory and then running the <filepath>integrator.xml</filepath> Ant task. </p>
        </context>
        <steps>
            <step>
                <cmd>Unzip the plugin's Zip file into your Toolkit's <filepath>plugins</filepath> directory.</cmd>
        <stepresult>
          <p>You should get one or more directories under <filepath>plugins</filepath> named like <filepath>net.sourceforge.dita4publishers.doctypes</filepath>.</p>
        </stepresult>
            </step>
      <step>
        <cmd>Run the <filepath>integrator.xml</filepath> script from the Toolkit's root directory.</cmd>
        <info>
          <p>The trick here is knowing how to access the "ant" command. If you open a command window, type "ant" and get something like<codeblock>Buildfile: build.xml does not exist! 
Build failed </codeblock></p>
          <p>Then you are good to go.</p>
          <p>Otherwise, you have to either find where Ant is on your system or download Ant from <xref
            href="http://ant.apache.org"
            format="html"
            scope="external">ant.apache.org</xref>.</p>
          <p>If you are using the full install of the DITA Open Toolkit then ant is in <filepath>tools/ant/bin</filepath> below the Toolkit's root directory.</p>
          <p>If you have the OxygenXML editor installed then ant is in <filepath>tools/ant/bin</filepath> below Oxygen's installation directory (e.g., <filepath>c:\Program Files\Oxygen XML\tools\ant\bin</filepath> on Windows).</p>
          <p>Assuming you have ant in your Toolkit, you can run it like so:<ol>
            <li>Open a command window and navigate to the root of your Toolkit (for this example, installed in <filepath>c:\programs\DITA-OT</filepath>:<codeblock>c:\> cd c:\programs\DITA-OT
c:\Programs\DITA-OT>_</codeblock></li>
            <li>Run this command<codeblock>c:\Programs\DITA-OT> tools\ant\bin\ant -f integrator.xml</codeblock></li>
            </ol></p>
          <p>You should see output something like this:<codeblock>Buildfile: integrator.xml

integrate:
[integrate] Using XERCES.

BUILD SUCCESSFUL
Total time: 0 seconds</codeblock></p>
          <p>You may see messages about missing dependencies but as long as you get BUILD SUCCESSFUL then all the plugins that could be loaded have been.</p>
        </info>
      </step>
        </steps>
    <result>
      <p>The plugins should be ready to use.</p>
    </result>
    </taskbody>
</task>
