<?xml version="1.0" encoding="UTF-8"?>
<!DOCTYPE task PUBLIC "-//OASIS//DTD DITA Task//EN"
 "task.dtd">
<task id="installation" xml:lang="en">
<title>Installing the DITA Open Toolkit</title>
<titlealts>
<navtitle>Installing the DITA-OT</navtitle>
</titlealts>
<shortdesc>You can install the DITA Open Toolkit (DITA-OT) on Linux, Mac OSX, and Windows. The
    process for installing and setting up the DITA-OT depends on the type of distribution package
    that you select.</shortdesc>
</task>
