<?xml version="1.0" encoding="UTF-8"?>
<!--Arbortext, Inc., 1988-2010, v.4002-->
<!DOCTYPE reference PUBLIC "-//OASIS//DTD DITA Reference//EN"
 "reference.dtd">
<?Pub Sty _display FontColor="red"?>
<reference id="relnote" xml:lang="en-us">
<title>DITA Open Toolkit release notes</title>
<shortdesc>This document contains the release notes for the 1.5 series
of DITA Open Toolkit releases.</shortdesc>
<reference id="rel1.5.2" conref="DITA-changes.xml#rel1.5.2">
  <title>DITA Open Toolkit Release 1.5.2</title>
</reference>
<reference id="rel1.5.1" conref="DITA-changes.xml#rel1.5.1">
  <title>DITA Open Toolkit Release 1.5.1</title>
</reference>
<reference id="rel1.5" conref="DITA-changes.xml#rel1.5">
  <title>DITA Open Toolkit Release 1.5</title>
</reference>
<reference id="older"><title>Older releases</title><refbody><section><p>For a list of updates and
changes in every release since version 1.0 of the DITA Open Toolkit,
see <xref href="DITA-changes.xml"></xref>.</p></section></refbody></reference>
</reference>
<?Pub *0000000884?>
