<?xml version="1.0" encoding="UTF-8"?>
<!DOCTYPE task PUBLIC "-//OASIS//DTD DITA Task//EN"
 "task.dtd">
<task id="eclipseconprov" xml:lang="en-us">
  <title>Eclipse Content Provider</title>
  <shortdesc>The Eclipse Content Provider was introduced in the DITA-OT Release 1.1. With the
    Eclipse Content Provider, you do not need to transform DITA files completely to HTML before
    loading them in Eclipse. This new function will preprocess DITA files and dynamically transform
    them into HTML at runtime.</shortdesc>
  <taskbody>
    <context>
      <p>During the building process, the Eclipse Content Provider generates the file
          <filepath>plugin.xml</filepath>. The file <filepath>plugin.xml</filepath> provides the
        definition of one or more tables of contents and locates the contents to display.</p>
      <p>Here is an example of creating an output for the Eclipse Content Provider and view the
        output in specially designed Eclipse on Windows XP. This assumes that your environment is
        already set up to run DITA-OT transformations.</p>
    </context>
    <steps>
      <step>
        <cmd>Start the Windows command line interface.</cmd>
      </step>
      <step>
        <cmd>Switch to the directory <filepath>c:\DITA-OT\</filepath> (or to your own install
          directory for the toolkit).</cmd>
      </step>
      <step>
        <cmd>Enter the following command to build:</cmd>
        <info><codeblock>java -jar lib\dost.jar /i:samples/sequence.ditamap /outdir:out /transtype:eclipsecontent </codeblock></info>
      </step>
      <step>
        <cmd>Then view all the files under <filepath>c:\DITA-OT\out\</filepath> and copy these files
          to the corresponding directory under the plugin directory for Eclipse.</cmd>
      </step>
      <step>
        <cmd>Call the specially designed Eclipse to view the output.</cmd>
      </step>
    </steps>
  </taskbody>
</task>
