<?xml version="1.0" encoding="UTF-8"?>
<!DOCTYPE concept PUBLIC "urn:pubid:dita4publishers.sourceforge.net:doctypes:dita:concept" "concept.dtd">
<concept id="conceptId">
 <title>Release Notes: Version 0.9.13</title>
 <shortdesc>Version 0.9.13 released 5 February 2011</shortdesc>
  <prolog>
    <metadata>
      <keywords>
        <indexterm>
          <indexterm>release notes<indexterm>Version 0.9.13</indexterm></indexterm>
        </indexterm>
      </keywords>
    </metadata>
  </prolog>
 <conbody>
    <section>
      <title>EPUB and Kindle Transformation Types</title>
      <ul>
        <li>Corrected bug that prevented the <parmname>coverGraphicUri</parmname> XSLT parameter from being set correctly by Ant.</li>
        <li>Corrected case of the <parmname>idURIStub</parmname> XSLT parameter to match the Ant script and the documentation (changed "IdURIStub" to "idURIStub".</li>
      </ul>
    </section>
    <section>
      <title>Kindle Transformation Type</title>
      <ul
        id="ul_byc_kde_gb">
        <li>Removed duplicate definition of global paramter <parmname>idURIStub</parmname>.</li>
      </ul>
    </section>
  </conbody>
</concept>
