<?xml version="1.0" encoding="UTF-8"?>
<!DOCTYPE concept PUBLIC "urn:pubid:dita4publishers.sourceforge.net:doctypes:dita:concept" "concept.dtd">
<concept id="conceptId">
 <title>Release Notes: Version 0.9.12</title>
 <shortdesc>Version 0.9.12 released 12 January 2011</shortdesc>
  <prolog>
    <metadata>
      <keywords>
        <indexterm>
          <indexterm>release notes<indexterm>Version 0.9.12</indexterm></indexterm>
        </indexterm>
      </keywords>
    </metadata>
  </prolog>
 <conbody>
    <section>
      <title>HTML2, EPUB, and Kindle Transformation Types</title>
      <ul>
        <li>Fixed bug with footnote callouts getting suppressed in topic content.</li>
      </ul>
    </section>
  </conbody>
</concept>
